SectionOrder,ExternalId,Drug,Type,TypeSub,Value,SectionSubOrder
1,DNX0344,Multivitamins with Minerals,brand_name,brand_name,Ace + Z,1
1,DNX0344,Multivitamins with Minerals,brand_name,brand_name,Aces,2
1,DNX0344,Multivitamins with Minerals,brand_name,brand_name,Aces Plus Zinc,3
1,DNX0344,Multivitamins with Minerals,brand_name,brand_name,Advanced Calcium Formula,4
1,DNX0344,Multivitamins with Minerals,brand_name,brand_name,Advanced Stress Formula Plus Zinc,5
1,DNX0344,Multivitamins with Minerals,brand_name,brand_name,Airborne,6
1,DNX0344,Multivitamins with Minerals,brand_name,brand_name,Airborne Kids,7
1,DNX0344,Multivitamins with Minerals,brand_name,brand_name,AquADEKs,8
1,DNX0344,Multivitamins with Minerals,brand_name,brand_name,Azesco,9
1,DNX0344,Multivitamins with Minerals,brand_name,brand_name,Basic's Women's Multivitamin Health Formula,10
1,DNX0344,Multivitamins with Minerals,brand_name,brand_name,Bugs Bunny Complete,11
1,DNX0344,Multivitamins with Minerals,brand_name,brand_name,Calcet Citrate Creamy Bites,12
1,DNX0344,Multivitamins with Minerals,brand_name,brand_name,Calcium Plus,13
1,DNX0344,Multivitamins with Minerals,brand_name,brand_name,Caltrate Plus,14
1,DNX0344,Multivitamins with Minerals,brand_name,brand_name,Cardi-Rite,15
2,DNX0344,Multivitamins with Minerals,NDC,NDC,00004015201,1
2,DNX0344,Multivitamins with Minerals,NDC,NDC,00005412513,2
2,DNX0344,Multivitamins with Minerals,NDC,NDC,00005422219,3
2,DNX0344,Multivitamins with Minerals,NDC,NDC,00005423419,4
2,DNX0344,Multivitamins with Minerals,NDC,NDC,00005423916,5
2,DNX0344,Multivitamins with Minerals,NDC,NDC,00005423918,6
2,DNX0344,Multivitamins with Minerals,NDC,NDC,00005423919,7
2,DNX0344,Multivitamins with Minerals,NDC,NDC,00005423926,8
2,DNX0344,Multivitamins with Minerals,NDC,NDC,00005423930,9
2,DNX0344,Multivitamins with Minerals,NDC,NDC,00005423936,10
2,DNX0344,Multivitamins with Minerals,NDC,NDC,00005423949,11
2,DNX0344,Multivitamins with Minerals,NDC,NDC,00005424919,12
2,DNX0344,Multivitamins with Minerals,NDC,NDC,00005428623,13
2,DNX0344,Multivitamins with Minerals,NDC,NDC,00005434361,14
2,DNX0344,Multivitamins with Minerals,NDC,NDC,00005443013,15
2,DNX0344,Multivitamins with Minerals,NDC,NDC,00005443019,16
2,DNX0344,Multivitamins with Minerals,NDC,NDC,00005443045,17
2,DNX0344,Multivitamins with Minerals,NDC,NDC,00005452835,18
2,DNX0344,Multivitamins with Minerals,NDC,NDC,00005555619,19
2,DNX0344,Multivitamins with Minerals,NDC,NDC,00005556619,20
2,DNX0344,Multivitamins with Minerals,NDC,NDC,00005556719,21
2,DNX0344,Multivitamins with Minerals,NDC,NDC,00005560458,22
2,DNX0344,Multivitamins with Minerals,NDC,NDC,00009340402,23
2,DNX0344,Multivitamins with Minerals,NDC,NDC,00009468817,24
2,DNX0344,Multivitamins with Minerals,NDC,NDC,00009468818,25
2,DNX0344,Multivitamins with Minerals,NDC,NDC,00031068964,26
2,DNX0344,Multivitamins with Minerals,NDC,NDC,00031068970,27
2,DNX0344,Multivitamins with Minerals,NDC,NDC,00045004376,28
2,DNX0344,Multivitamins with Minerals,NDC,NDC,00045010203,29
2,DNX0344,Multivitamins with Minerals,NDC,NDC,00045010290,30
2,DNX0344,Multivitamins with Minerals,NDC,NDC,00045010303,31
2,DNX0344,Multivitamins with Minerals,NDC,NDC,00045010390,32
2,DNX0344,Multivitamins with Minerals,NDC,NDC,00055055623,33
2,DNX0344,Multivitamins with Minerals,NDC,NDC,00068062661,34
2,DNX0344,Multivitamins with Minerals,NDC,NDC,00071033526,35
2,DNX0344,Multivitamins with Minerals,NDC,NDC,00071055024,36
2,DNX0344,Multivitamins with Minerals,NDC,NDC,00074428622,37
2,DNX0344,Multivitamins with Minerals,NDC,NDC,00074666701,38
2,DNX0344,Multivitamins with Minerals,NDC,NDC,00074699202,39
2,DNX0344,Multivitamins with Minerals,NDC,NDC,00074699203,40
2,DNX0344,Multivitamins with Minerals,NDC,NDC,00074723503,41
2,DNX0344,Multivitamins with Minerals,NDC,NDC,00074815250,42
2,DNX0344,Multivitamins with Minerals,NDC,NDC,00083020073,43
2,DNX0344,Multivitamins with Minerals,NDC,NDC,00084020701,44
2,DNX0344,Multivitamins with Minerals,NDC,NDC,00084023701,45
2,DNX0344,Multivitamins with Minerals,NDC,NDC,00084034701,46
2,DNX0344,Multivitamins with Minerals,NDC,NDC,00084034716,47
2,DNX0344,Multivitamins with Minerals,NDC,NDC,00084044706,48
2,DNX0344,Multivitamins with Minerals,NDC,NDC,00084045101,49
2,DNX0344,Multivitamins with Minerals,NDC,NDC,00084045116,50
2,DNX0344,Multivitamins with Minerals,NDC,NDC,00084103401,51
2,DNX0344,Multivitamins with Minerals,NDC,NDC,00084103405,52
2,DNX0344,Multivitamins with Minerals,NDC,NDC,00084103425,53
2,DNX0344,Multivitamins with Minerals,NDC,NDC,00084107405,54
2,DNX0344,Multivitamins with Minerals,NDC,NDC,00084114603,55
2,DNX0344,Multivitamins with Minerals,NDC,NDC,00084114609,56
2,DNX0344,Multivitamins with Minerals,NDC,NDC,00084207512,57
2,DNX0344,Multivitamins with Minerals,NDC,NDC,00084209016,58
2,DNX0344,Multivitamins with Minerals,NDC,NDC,00084209116,59
2,DNX0344,Multivitamins with Minerals,NDC,NDC,00084209212,60
2,DNX0344,Multivitamins with Minerals,NDC,NDC,00088165347,61
2,DNX0344,Multivitamins with Minerals,NDC,NDC,00093915201,62
2,DNX0344,Multivitamins with Minerals,NDC,NDC,00093915205,63
2,DNX0344,Multivitamins with Minerals,NDC,NDC,00098106533,64
2,DNX0344,Multivitamins with Minerals,NDC,NDC,00098169308,65
2,DNX0344,Multivitamins with Minerals,NDC,NDC,00098169340,66
2,DNX0344,Multivitamins with Minerals,NDC,NDC,00098184008,67
2,DNX0344,Multivitamins with Minerals,NDC,NDC,00098184080,68
2,DNX0344,Multivitamins with Minerals,NDC,NDC,00122003149,69
2,DNX0344,Multivitamins with Minerals,NDC,NDC,00122094539,70
2,DNX0344,Multivitamins with Minerals,NDC,NDC,00122096339,71
2,DNX0344,Multivitamins with Minerals,NDC,NDC,00122096539,72
2,DNX0344,Multivitamins with Minerals,NDC,NDC,00122400038,73
2,DNX0344,Multivitamins with Minerals,NDC,NDC,00143233201,74
2,DNX0344,Multivitamins with Minerals,NDC,NDC,00178003112,75
2,DNX0344,Multivitamins with Minerals,NDC,NDC,00178003160,76
2,DNX0344,Multivitamins with Minerals,NDC,NDC,00178016901,77
2,DNX0344,Multivitamins with Minerals,NDC,NDC,00178025260,78
2,DNX0344,Multivitamins with Minerals,NDC,NDC,00178055001,79
2,DNX0344,Multivitamins with Minerals,NDC,NDC,00178141101,80
2,DNX0344,Multivitamins with Minerals,NDC,NDC,00178277813,81
2,DNX0344,Multivitamins with Minerals,NDC,NDC,00182000601,82
2,DNX0344,Multivitamins with Minerals,NDC,NDC,00182140726,83
2,DNX0344,Multivitamins with Minerals,NDC,NDC,00182155601,84
2,DNX0344,Multivitamins with Minerals,NDC,NDC,00182400419,85
2,DNX0344,Multivitamins with Minerals,NDC,NDC,00182400726,86
2,DNX0344,Multivitamins with Minerals,NDC,NDC,00182406401,87
2,DNX0344,Multivitamins with Minerals,NDC,NDC,00182415826,88
2,DNX0344,Multivitamins with Minerals,NDC,NDC,00182416001,89
2,DNX0344,Multivitamins with Minerals,NDC,NDC,00182416010,90
2,DNX0344,Multivitamins with Minerals,NDC,NDC,00182416201,91
2,DNX0344,Multivitamins with Minerals,NDC,NDC,00182416205,92
2,DNX0344,Multivitamins with Minerals,NDC,NDC,00182416210,93
2,DNX0344,Multivitamins with Minerals,NDC,NDC,00182421106,94
2,DNX0344,Multivitamins with Minerals,NDC,NDC,00182421206,95
2,DNX0344,Multivitamins with Minerals,NDC,NDC,00182434401,96
2,DNX0344,Multivitamins with Minerals,NDC,NDC,00182434701,97
2,DNX0344,Multivitamins with Minerals,NDC,NDC,00182438101,98
2,DNX0344,Multivitamins with Minerals,NDC,NDC,00182441326,99
2,DNX0344,Multivitamins with Minerals,NDC,NDC,00182442501,100
2,DNX0344,Multivitamins with Minerals,NDC,NDC,00182442601,101
2,DNX0344,Multivitamins with Minerals,NDC,NDC,00182442701,102
2,DNX0344,Multivitamins with Minerals,NDC,NDC,00182442710,103
2,DNX0344,Multivitamins with Minerals,NDC,NDC,00182443601,104
2,DNX0344,Multivitamins with Minerals,NDC,NDC,00182443610,105
2,DNX0344,Multivitamins with Minerals,NDC,NDC,00182444001,106
2,DNX0344,Multivitamins with Minerals,NDC,NDC,00182444010,107
2,DNX0344,Multivitamins with Minerals,NDC,NDC,00182446619,108
2,DNX0344,Multivitamins with Minerals,NDC,NDC,00182448326,109
2,DNX0344,Multivitamins with Minerals,NDC,NDC,00182449126,110
2,DNX0344,Multivitamins with Minerals,NDC,NDC,00182451789,111
2,DNX0344,Multivitamins with Minerals,NDC,NDC,00182451906,112
2,DNX0344,Multivitamins with Minerals,NDC,NDC,00182451910,113
2,DNX0344,Multivitamins with Minerals,NDC,NDC,00182451989,114
2,DNX0344,Multivitamins with Minerals,NDC,NDC,00182453401,115
2,DNX0344,Multivitamins with Minerals,NDC,NDC,00182455501,116
2,DNX0344,Multivitamins with Minerals,NDC,NDC,00182605440,117
2,DNX0344,Multivitamins with Minerals,NDC,NDC,00182614244,118
2,DNX0344,Multivitamins with Minerals,NDC,NDC,00223184700,119
2,DNX0344,Multivitamins with Minerals,NDC,NDC,00223184701,120
2,DNX0344,Multivitamins with Minerals,NDC,NDC,00223184702,121
2,DNX0344,Multivitamins with Minerals,NDC,NDC,00223236501,122
2,DNX0344,Multivitamins with Minerals,NDC,NDC,00223236502,123
2,DNX0344,Multivitamins with Minerals,NDC,NDC,00245001801,124
2,DNX0344,Multivitamins with Minerals,NDC,NDC,00245013301,125
2,DNX0344,Multivitamins with Minerals,NDC,NDC,00245013389,126
2,DNX0344,Multivitamins with Minerals,NDC,NDC,00245015560,127
2,DNX0344,Multivitamins with Minerals,NDC,NDC,00245019960,128
2,DNX0344,Multivitamins with Minerals,NDC,NDC,00254917058,129
2,DNX0344,Multivitamins with Minerals,NDC,NDC,00259039301,130
2,DNX0344,Multivitamins with Minerals,NDC,NDC,00275020001,131
2,DNX0344,Multivitamins with Minerals,NDC,NDC,00275020006,132
2,DNX0344,Multivitamins with Minerals,NDC,NDC,00275020008,133
2,DNX0344,Multivitamins with Minerals,NDC,NDC,00302421501,134
2,DNX0344,Multivitamins with Minerals,NDC,NDC,00302840201,135
2,DNX0344,Multivitamins with Minerals,NDC,NDC,00302851201,136
2,DNX0344,Multivitamins with Minerals,NDC,NDC,00302851210,137
2,DNX0344,Multivitamins with Minerals,NDC,NDC,00304050801,138
2,DNX0344,Multivitamins with Minerals,NDC,NDC,00349217501,139
2,DNX0344,Multivitamins with Minerals,NDC,NDC,00353206001,140
2,DNX0344,Multivitamins with Minerals,NDC,NDC,00353501301,141
2,DNX0344,Multivitamins with Minerals,NDC,NDC,00353501903,142
2,DNX0344,Multivitamins with Minerals,NDC,NDC,00353501908,143
2,DNX0344,Multivitamins with Minerals,NDC,NDC,00353502201,144
2,DNX0344,Multivitamins with Minerals,NDC,NDC,00353510403,145
2,DNX0344,Multivitamins with Minerals,NDC,NDC,00353510406,146
2,DNX0344,Multivitamins with Minerals,NDC,NDC,00353510503,147
2,DNX0344,Multivitamins with Minerals,NDC,NDC,00353510506,148
2,DNX0344,Multivitamins with Minerals,NDC,NDC,00353510703,149
2,DNX0344,Multivitamins with Minerals,NDC,NDC,00353510706,150
2,DNX0344,Multivitamins with Minerals,NDC,NDC,00353511901,151
2,DNX0344,Multivitamins with Minerals,NDC,NDC,00353511906,152
2,DNX0344,Multivitamins with Minerals,NDC,NDC,00353512902,153
2,DNX0344,Multivitamins with Minerals,NDC,NDC,00353512908,154
2,DNX0344,Multivitamins with Minerals,NDC,NDC,00353516101,155
2,DNX0344,Multivitamins with Minerals,NDC,NDC,00353516103,156
2,DNX0344,Multivitamins with Minerals,NDC,NDC,00364081401,157
2,DNX0344,Multivitamins with Minerals,NDC,NDC,00364116001,158
2,DNX0344,Multivitamins with Minerals,NDC,NDC,00364117106,159
2,DNX0344,Multivitamins with Minerals,NDC,NDC,52297038397,912
2,DNX0344,Multivitamins with Minerals,NDC,NDC,52297038472,913
2,DNX0344,Multivitamins with Minerals,NDC,NDC,52297038881,914
2,DNX0344,Multivitamins with Minerals,NDC,NDC,52297039197,915
2,DNX0344,Multivitamins with Minerals,NDC,NDC,52297039472,916
2,DNX0344,Multivitamins with Minerals,NDC,NDC,52297039581,917
2,DNX0344,Multivitamins with Minerals,NDC,NDC,52297040787,918
2,DNX0344,Multivitamins with Minerals,NDC,NDC,52297041278,919
2,DNX0344,Multivitamins with Minerals,NDC,NDC,52297041378,920
2,DNX0344,Multivitamins with Minerals,NDC,NDC,52297042578,921
2,DNX0344,Multivitamins with Minerals,NDC,NDC,52297042678,922
2,DNX0344,Multivitamins with Minerals,NDC,NDC,52297056772,923
2,DNX0344,Multivitamins with Minerals,NDC,NDC,52297056972,924
2,DNX0344,Multivitamins with Minerals,NDC,NDC,52297064497,925
2,DNX0344,Multivitamins with Minerals,NDC,NDC,52297065278,926
2,DNX0344,Multivitamins with Minerals,NDC,NDC,52297065678,927
2,DNX0344,Multivitamins with Minerals,NDC,NDC,52569134100,928
2,DNX0344,Multivitamins with Minerals,NDC,NDC,52569134105,929
2,DNX0344,Multivitamins with Minerals,NDC,NDC,52604460008,930
2,DNX0344,Multivitamins with Minerals,NDC,NDC,52604555308,931
2,DNX0344,Multivitamins with Minerals,NDC,NDC,52604562208,932
2,DNX0344,Multivitamins with Minerals,NDC,NDC,52735000903,933
2,DNX0344,Multivitamins with Minerals,NDC,NDC,52735001801,934
2,DNX0344,Multivitamins with Minerals,NDC,NDC,52735003003,935
2,DNX0344,Multivitamins with Minerals,NDC,NDC,52735007213,936
2,DNX0344,Multivitamins with Minerals,NDC,NDC,52735007703,937
2,DNX0344,Multivitamins with Minerals,NDC,NDC,52735008213,938
2,DNX0344,Multivitamins with Minerals,NDC,NDC,52747030560,939
2,DNX0344,Multivitamins with Minerals,NDC,NDC,52747031070,940
2,DNX0344,Multivitamins with Minerals,NDC,NDC,52747080030,941
2,DNX0344,Multivitamins with Minerals,NDC,NDC,52747080060,942
2,DNX0344,Multivitamins with Minerals,NDC,NDC,52796017390,943
2,DNX0344,Multivitamins with Minerals,NDC,NDC,52796017490,944
2,DNX0344,Multivitamins with Minerals,NDC,NDC,52796017790,945
2,DNX0344,Multivitamins with Minerals,NDC,NDC,53100000290,946
2,DNX0344,Multivitamins with Minerals,NDC,NDC,53100000295,947
2,DNX0344,Multivitamins with Minerals,NDC,NDC,53100011211,948
2,DNX0344,Multivitamins with Minerals,NDC,NDC,53100011232,949
2,DNX0344,Multivitamins with Minerals,NDC,NDC,53100011266,950
2,DNX0344,Multivitamins with Minerals,NDC,NDC,53100011276,951
2,DNX0344,Multivitamins with Minerals,NDC,NDC,53154001505,952
2,DNX0344,Multivitamins with Minerals,NDC,NDC,53154001803,953
2,DNX0344,Multivitamins with Minerals,NDC,NDC,53156010101,954
2,DNX0344,Multivitamins with Minerals,NDC,NDC,53156020101,955
2,DNX0344,Multivitamins with Minerals,NDC,NDC,53191001401,956
2,DNX0344,Multivitamins with Minerals,NDC,NDC,53191005701,957
2,DNX0344,Multivitamins with Minerals,NDC,NDC,53191019110,958
2,DNX0344,Multivitamins with Minerals,NDC,NDC,53191048490,959
2,DNX0344,Multivitamins with Minerals,NDC,NDC,53335003823,960
2,DNX0344,Multivitamins with Minerals,NDC,NDC,53335070821,961
2,DNX0344,Multivitamins with Minerals,NDC,NDC,53409029256,962
2,DNX0344,Multivitamins with Minerals,NDC,NDC,53723502203,963
2,DNX0344,Multivitamins with Minerals,NDC,NDC,53723520401,964
2,DNX0344,Multivitamins with Minerals,NDC,NDC,53849005031,965
2,DNX0344,Multivitamins with Minerals,NDC,NDC,54022106301,966
2,DNX0344,Multivitamins with Minerals,NDC,NDC,54022106302,967
2,DNX0344,Multivitamins with Minerals,NDC,NDC,54022133301,968
2,DNX0344,Multivitamins with Minerals,NDC,NDC,54022520001,969
2,DNX0344,Multivitamins with Minerals,NDC,NDC,54022530101,970
2,DNX0344,Multivitamins with Minerals,NDC,NDC,54391301009,971
2,DNX0344,Multivitamins with Minerals,NDC,NDC,54569127700,972
2,DNX0344,Multivitamins with Minerals,NDC,NDC,54569218100,973
2,DNX0344,Multivitamins with Minerals,NDC,NDC,54569273900,974
2,DNX0344,Multivitamins with Minerals,NDC,NDC,54569286900,975
2,DNX0344,Multivitamins with Minerals,NDC,NDC,54569380000,976
2,DNX0344,Multivitamins with Minerals,NDC,NDC,54569497600,977
2,DNX0344,Multivitamins with Minerals,NDC,NDC,54569498500,978
2,DNX0344,Multivitamins with Minerals,NDC,NDC,54569607300,979
2,DNX0344,Multivitamins with Minerals,NDC,NDC,54569904500,980
2,DNX0344,Multivitamins with Minerals,NDC,NDC,54629003610,981
2,DNX0344,Multivitamins with Minerals,NDC,NDC,54629003611,982
2,DNX0344,Multivitamins with Minerals,NDC,NDC,54629007501,983
2,DNX0344,Multivitamins with Minerals,NDC,NDC,54629008201,984
2,DNX0344,Multivitamins with Minerals,NDC,NDC,54629009203,985
2,DNX0344,Multivitamins with Minerals,NDC,NDC,54629011130,986
2,DNX0344,Multivitamins with Minerals,NDC,NDC,54629012556,987
2,DNX0344,Multivitamins with Minerals,NDC,NDC,54629059706,988
2,DNX0344,Multivitamins with Minerals,NDC,NDC,54629066220,989
2,DNX0344,Multivitamins with Minerals,NDC,NDC,54629066450,990
2,DNX0344,Multivitamins with Minerals,NDC,NDC,54629070060,991
2,DNX0344,Multivitamins with Minerals,NDC,NDC,54629071126,992
2,DNX0344,Multivitamins with Minerals,NDC,NDC,54629071134,993
2,DNX0344,Multivitamins with Minerals,NDC,NDC,54629071152,994
2,DNX0344,Multivitamins with Minerals,NDC,NDC,54629075506,995
2,DNX0344,Multivitamins with Minerals,NDC,NDC,54629077660,996
2,DNX0344,Multivitamins with Minerals,NDC,NDC,54629078901,997
2,DNX0344,Multivitamins with Minerals,NDC,NDC,54629111301,998
2,DNX0344,Multivitamins with Minerals,NDC,NDC,54629619301,999
2,DNX0344,Multivitamins with Minerals,NDC,NDC,54799048103,1000
2,DNX0344,Multivitamins with Minerals,NDC,NDC,54868167300,1001
2,DNX0344,Multivitamins with Minerals,NDC,NDC,54868177301,1002
2,DNX0344,Multivitamins with Minerals,NDC,NDC,54868181501,1003
2,DNX0344,Multivitamins with Minerals,NDC,NDC,54868315800,1004
2,DNX0344,Multivitamins with Minerals,NDC,NDC,54868322300,1005
2,DNX0344,Multivitamins with Minerals,NDC,NDC,54868345800,1006
2,DNX0344,Multivitamins with Minerals,NDC,NDC,54868374500,1007
2,DNX0344,Multivitamins with Minerals,NDC,NDC,54868470900,1008
2,DNX0344,Multivitamins with Minerals,NDC,NDC,54979067601,1009
2,DNX0344,Multivitamins with Minerals,NDC,NDC,55045341701,1010
2,DNX0344,Multivitamins with Minerals,NDC,NDC,55081540200,1011
2,DNX0344,Multivitamins with Minerals,NDC,NDC,55175105501,1012
2,DNX0344,Multivitamins with Minerals,NDC,NDC,55289019201,1013
2,DNX0344,Multivitamins with Minerals,NDC,NDC,55422040208,1014
2,DNX0344,Multivitamins with Minerals,NDC,NDC,55422040308,1015
2,DNX0344,Multivitamins with Minerals,NDC,NDC,55422040608,1016
2,DNX0344,Multivitamins with Minerals,NDC,NDC,55422040708,1017
2,DNX0344,Multivitamins with Minerals,NDC,NDC,55887008213,1018
2,DNX0344,Multivitamins with Minerals,NDC,NDC,57394038852,1019
2,DNX0344,Multivitamins with Minerals,NDC,NDC,57394040830,1020
2,DNX0344,Multivitamins with Minerals,NDC,NDC,57394040848,1021
2,DNX0344,Multivitamins with Minerals,NDC,NDC,57394042248,1022
2,DNX0344,Multivitamins with Minerals,NDC,NDC,57394044252,1023
2,DNX0344,Multivitamins with Minerals,NDC,NDC,57394044256,1024
2,DNX0344,Multivitamins with Minerals,NDC,NDC,57394044530,1025
2,DNX0344,Multivitamins with Minerals,NDC,NDC,57394044544,1026
2,DNX0344,Multivitamins with Minerals,NDC,NDC,57394045852,1027
2,DNX0344,Multivitamins with Minerals,NDC,NDC,57394046444,1028
2,DNX0344,Multivitamins with Minerals,NDC,NDC,57394046652,1029
2,DNX0344,Multivitamins with Minerals,NDC,NDC,57394046656,1030
2,DNX0344,Multivitamins with Minerals,NDC,NDC,57394046844,1031
2,DNX0344,Multivitamins with Minerals,NDC,NDC,57394047044,1032
2,DNX0344,Multivitamins with Minerals,NDC,NDC,57394051030,1033
2,DNX0344,Multivitamins with Minerals,NDC,NDC,57394051244,1034
2,DNX0344,Multivitamins with Minerals,NDC,NDC,57394051838,1035
2,DNX0344,Multivitamins with Minerals,NDC,NDC,57394052452,1036
2,DNX0344,Multivitamins with Minerals,NDC,NDC,57394052644,1037
2,DNX0344,Multivitamins with Minerals,NDC,NDC,57394055544,1038
2,DNX0344,Multivitamins with Minerals,NDC,NDC,57394055552,1039
2,DNX0344,Multivitamins with Minerals,NDC,NDC,57480020801,1040
2,DNX0344,Multivitamins with Minerals,NDC,NDC,57480020806,1041
2,DNX0344,Multivitamins with Minerals,NDC,NDC,57480047801,1042
2,DNX0344,Multivitamins with Minerals,NDC,NDC,57480047806,1043
2,DNX0344,Multivitamins with Minerals,NDC,NDC,57771001013,1044
2,DNX0344,Multivitamins with Minerals,NDC,NDC,57771001048,1045
2,DNX0344,Multivitamins with Minerals,NDC,NDC,57779010504,1046
2,DNX0344,Multivitamins with Minerals,NDC,NDC,57779010506,1047
2,DNX0344,Multivitamins with Minerals,NDC,NDC,57893020360,1048
2,DNX0344,Multivitamins with Minerals,NDC,NDC,57896050101,1049
2,DNX0344,Multivitamins with Minerals,NDC,NDC,57896050110,1050
2,DNX0344,Multivitamins with Minerals,NDC,NDC,57896050508,1051
2,DNX0344,Multivitamins with Minerals,NDC,NDC,57896053208,1052
2,DNX0344,Multivitamins with Minerals,NDC,NDC,57896054916,1053
2,DNX0344,Multivitamins with Minerals,NDC,NDC,57896060101,1054
2,DNX0344,Multivitamins with Minerals,NDC,NDC,57896086206,1055
2,DNX0344,Multivitamins with Minerals,NDC,NDC,58016034299,1056
2,DNX0344,Multivitamins with Minerals,NDC,NDC,58204000400,1057
2,DNX0344,Multivitamins with Minerals,NDC,NDC,58204000401,1058
2,DNX0344,Multivitamins with Minerals,NDC,NDC,58204000406,1059
2,DNX0344,Multivitamins with Minerals,NDC,NDC,58204000408,1060
2,DNX0344,Multivitamins with Minerals,NDC,NDC,58204000409,1061
2,DNX0344,Multivitamins with Minerals,NDC,NDC,58204000411,1062
2,DNX0344,Multivitamins with Minerals,NDC,NDC,58204000415,1063
2,DNX0344,Multivitamins with Minerals,NDC,NDC,58204000416,1064
2,DNX0344,Multivitamins with Minerals,NDC,NDC,58204000418,1065
2,DNX0344,Multivitamins with Minerals,NDC,NDC,58469034423,1066
2,DNX0344,Multivitamins with Minerals,NDC,NDC,58469035463,1067
2,DNX0344,Multivitamins with Minerals,NDC,NDC,58487080031,1068
2,DNX0344,Multivitamins with Minerals,NDC,NDC,58487080032,1069
2,DNX0344,Multivitamins with Minerals,NDC,NDC,58526000534,1070
2,DNX0344,Multivitamins with Minerals,NDC,NDC,58526000535,1071
2,DNX0344,Multivitamins with Minerals,NDC,NDC,58676000002,1072
2,DNX0344,Multivitamins with Minerals,NDC,NDC,58676000022,1073
2,DNX0344,Multivitamins with Minerals,NDC,NDC,58676000023,1074
2,DNX0344,Multivitamins with Minerals,NDC,NDC,58809020060,1075
2,DNX0344,Multivitamins with Minerals,NDC,NDC,58809088801,1076
2,DNX0344,Multivitamins with Minerals,NDC,NDC,58859000813,1077
2,DNX0344,Multivitamins with Minerals,NDC,NDC,58859000913,1078
2,DNX0344,Multivitamins with Minerals,NDC,NDC,58865001401,1079
2,DNX0344,Multivitamins with Minerals,NDC,NDC,58914001006,1080
2,DNX0344,Multivitamins with Minerals,NDC,NDC,58914001460,1081
2,DNX0344,Multivitamins with Minerals,NDC,NDC,58918033310,1082
2,DNX0344,Multivitamins with Minerals,NDC,NDC,59015011002,1083
2,DNX0344,Multivitamins with Minerals,NDC,NDC,59015011005,1084
2,DNX0344,Multivitamins with Minerals,NDC,NDC,59015043401,1085
2,DNX0344,Multivitamins with Minerals,NDC,NDC,59015043403,1086
2,DNX0344,Multivitamins with Minerals,NDC,NDC,59015046101,1087
2,DNX0344,Multivitamins with Minerals,NDC,NDC,59015054201,1088
2,DNX0344,Multivitamins with Minerals,NDC,NDC,59015054202,1089
2,DNX0344,Multivitamins with Minerals,NDC,NDC,59015054203,1090
2,DNX0344,Multivitamins with Minerals,NDC,NDC,59015057601,1091
2,DNX0344,Multivitamins with Minerals,NDC,NDC,59015059001,1092
2,DNX0344,Multivitamins with Minerals,NDC,NDC,59015059502,1093
2,DNX0344,Multivitamins with Minerals,NDC,NDC,59015082253,1094
2,DNX0344,Multivitamins with Minerals,NDC,NDC,59015082968,1095
2,DNX0344,Multivitamins with Minerals,NDC,NDC,59015084101,1096
2,DNX0344,Multivitamins with Minerals,NDC,NDC,59015084202,1097
2,DNX0344,Multivitamins with Minerals,NDC,NDC,59015096201,1098
2,DNX0344,Multivitamins with Minerals,NDC,NDC,59074010002,1099
2,DNX0344,Multivitamins with Minerals,NDC,NDC,59528061601,1100
2,DNX0344,Multivitamins with Minerals,NDC,NDC,59528198801,1101
2,DNX0344,Multivitamins with Minerals,NDC,NDC,59618065012,1102
2,DNX0344,Multivitamins with Minerals,NDC,NDC,59630041360,1103
2,DNX0344,Multivitamins with Minerals,NDC,NDC,60049051844,1104
2,DNX0344,Multivitamins with Minerals,NDC,NDC,60104910302,1105
2,DNX0344,Multivitamins with Minerals,NDC,NDC,60104910306,1106
2,DNX0344,Multivitamins with Minerals,NDC,NDC,60142007610,1107
2,DNX0344,Multivitamins with Minerals,NDC,NDC,60142007710,1108
2,DNX0344,Multivitamins with Minerals,NDC,NDC,60142007806,1109
2,DNX0344,Multivitamins with Minerals,NDC,NDC,60142009410,1110
2,DNX0344,Multivitamins with Minerals,NDC,NDC,60142009510,1111
2,DNX0344,Multivitamins with Minerals,NDC,NDC,60142009906,1112
2,DNX0344,Multivitamins with Minerals,NDC,NDC,60142010706,1113
2,DNX0344,Multivitamins with Minerals,NDC,NDC,60258016716,1114
2,DNX0344,Multivitamins with Minerals,NDC,NDC,60258017706,1115
2,DNX0344,Multivitamins with Minerals,NDC,NDC,60346093130,1116
2,DNX0344,Multivitamins with Minerals,NDC,NDC,60346093160,1117
2,DNX0344,Multivitamins with Minerals,NDC,NDC,60569008150,1118
2,DNX0344,Multivitamins with Minerals,NDC,NDC,60569008160,1119
2,DNX0344,Multivitamins with Minerals,NDC,NDC,60619009450,1120
2,DNX0344,Multivitamins with Minerals,NDC,NDC,60814057601,1121
2,DNX0344,Multivitamins with Minerals,NDC,NDC,60814057610,1122
2,DNX0344,Multivitamins with Minerals,NDC,NDC,61098010010,1123
2,DNX0344,Multivitamins with Minerals,NDC,NDC,61269016660,1124
2,DNX0344,Multivitamins with Minerals,NDC,NDC,61269017306,1125
2,DNX0344,Multivitamins with Minerals,NDC,NDC,61269017406,1126
2,DNX0344,Multivitamins with Minerals,NDC,NDC,61392001515,1127
2,DNX0344,Multivitamins with Minerals,NDC,NDC,61392001530,1128
2,DNX0344,Multivitamins with Minerals,NDC,NDC,61392001531,1129
2,DNX0344,Multivitamins with Minerals,NDC,NDC,61392001532,1130
2,DNX0344,Multivitamins with Minerals,NDC,NDC,61392001539,1131
2,DNX0344,Multivitamins with Minerals,NDC,NDC,61392001545,1132
2,DNX0344,Multivitamins with Minerals,NDC,NDC,61392001551,1133
2,DNX0344,Multivitamins with Minerals,NDC,NDC,61392001554,1134
2,DNX0344,Multivitamins with Minerals,NDC,NDC,61392001556,1135
2,DNX0344,Multivitamins with Minerals,NDC,NDC,61392001560,1136
2,DNX0344,Multivitamins with Minerals,NDC,NDC,61392001590,1137
2,DNX0344,Multivitamins with Minerals,NDC,NDC,61392001591,1138
2,DNX0344,Multivitamins with Minerals,NDC,NDC,62107003805,1139
2,DNX0344,Multivitamins with Minerals,NDC,NDC,62107003813,1140
2,DNX0344,Multivitamins with Minerals,NDC,NDC,62107004001,1141
2,DNX0344,Multivitamins with Minerals,NDC,NDC,62107004010,1142
2,DNX0344,Multivitamins with Minerals,NDC,NDC,62107004113,1143
2,DNX0344,Multivitamins with Minerals,NDC,NDC,62107004506,1144
2,DNX0344,Multivitamins with Minerals,NDC,NDC,62617000502,1145
2,DNX0344,Multivitamins with Minerals,NDC,NDC,63044015201,1146
2,DNX0344,Multivitamins with Minerals,NDC,NDC,63044015202,1147
2,DNX0344,Multivitamins with Minerals,NDC,NDC,63102020230,1148
2,DNX0344,Multivitamins with Minerals,NDC,NDC,63629172701,1149
2,DNX0344,Multivitamins with Minerals,NDC,NDC,63629172702,1150
2,DNX0344,Multivitamins with Minerals,NDC,NDC,63717016001,1151
2,DNX0344,Multivitamins with Minerals,NDC,NDC,63868061460,1152
2,DNX0344,Multivitamins with Minerals,NDC,NDC,63868062030,1153
2,DNX0344,Multivitamins with Minerals,NDC,NDC,63868062301,1154
2,DNX0344,Multivitamins with Minerals,NDC,NDC,63868062401,1155
2,DNX0344,Multivitamins with Minerals,NDC,NDC,63868062513,1156
2,DNX0344,Multivitamins with Minerals,NDC,NDC,63868062960,1157
2,DNX0344,Multivitamins with Minerals,NDC,NDC,64011019519,1158
2,DNX0344,Multivitamins with Minerals,NDC,NDC,64038010330,1159
2,DNX0344,Multivitamins with Minerals,NDC,NDC,64727555008,1160
2,DNX0344,Multivitamins with Minerals,NDC,NDC,64899043960,1161
2,DNX0344,Multivitamins with Minerals,NDC,NDC,64980010201,1162
2,DNX0344,Multivitamins with Minerals,NDC,NDC,64980010606,1163
2,DNX0344,Multivitamins with Minerals,NDC,NDC,64980011806,1164
2,DNX0344,Multivitamins with Minerals,NDC,NDC,65162040010,1165
2,DNX0344,Multivitamins with Minerals,NDC,NDC,65162040011,1166
2,DNX0344,Multivitamins with Minerals,NDC,NDC,65162044810,1167
2,DNX0344,Multivitamins with Minerals,NDC,NDC,65162044811,1168
2,DNX0344,Multivitamins with Minerals,NDC,NDC,65162045010,1169
2,DNX0344,Multivitamins with Minerals,NDC,NDC,65162045011,1170
2,DNX0344,Multivitamins with Minerals,NDC,NDC,65224059060,1171
2,DNX0344,Multivitamins with Minerals,NDC,NDC,65615040216,1172
2,DNX0344,Multivitamins with Minerals,NDC,NDC,65880079260,1173
2,DNX0344,Multivitamins with Minerals,NDC,NDC,66267015030,1174
2,DNX0344,Multivitamins with Minerals,NDC,NDC,66375020701,1175
2,DNX0344,Multivitamins with Minerals,NDC,NDC,66375020702,1176
2,DNX0344,Multivitamins with Minerals,NDC,NDC,66663051701,1177
2,DNX0344,Multivitamins with Minerals,NDC,NDC,68025001110,1178
2,DNX0344,Multivitamins with Minerals,NDC,NDC,68025002110,1179
2,DNX0344,Multivitamins with Minerals,NDC,NDC,68212030060,1180
2,DNX0344,Multivitamins with Minerals,NDC,NDC,68212050060,1181
2,DNX0344,Multivitamins with Minerals,NDC,NDC,68212060090,1182
2,DNX0344,Multivitamins with Minerals,NDC,NDC,69054021060,1183
2,DNX0344,Multivitamins with Minerals,NDC,NDC,69336036030,1184
2,DNX0344,Multivitamins with Minerals,NDC,NDC,69499034430,1185
2,DNX0344,Multivitamins with Minerals,NDC,NDC,69618004102,1186
2,DNX0344,Multivitamins with Minerals,NDC,NDC,69677005060,1187
2,DNX0344,Multivitamins with Minerals,NDC,NDC,70030013069,1188
2,DNX0344,Multivitamins with Minerals,NDC,NDC,70030013280,1189
2,DNX0344,Multivitamins with Minerals,NDC,NDC,70030013304,1190
2,DNX0344,Multivitamins with Minerals,NDC,NDC,70030013313,1191
2,DNX0344,Multivitamins with Minerals,NDC,NDC,70030013316,1192
2,DNX0344,Multivitamins with Minerals,NDC,NDC,70030013317,1193
2,DNX0344,Multivitamins with Minerals,NDC,NDC,70030013323,1194
2,DNX0344,Multivitamins with Minerals,NDC,NDC,70030013329,1195
2,DNX0344,Multivitamins with Minerals,NDC,NDC,70030013564,1196
2,DNX0344,Multivitamins with Minerals,NDC,NDC,70030013565,1197
2,DNX0344,Multivitamins with Minerals,NDC,NDC,70030013571,1198
2,DNX0344,Multivitamins with Minerals,NDC,NDC,70645040230,1199
2,DNX0344,Multivitamins with Minerals,NDC,NDC,70877100201,1200
2,DNX0344,Multivitamins with Minerals,NDC,NDC,70898019809,1201
2,DNX0344,Multivitamins with Minerals,NDC,NDC,71741007230,1202
2,DNX0344,Multivitamins with Minerals,NDC,NDC,71800000530,1203
2,DNX0344,Multivitamins with Minerals,NDC,NDC,74312000350,1204
2,DNX0344,Multivitamins with Minerals,NDC,NDC,74312001580,1205
2,DNX0344,Multivitamins with Minerals,NDC,NDC,74312001584,1206
2,DNX0344,Multivitamins with Minerals,NDC,NDC,74312001632,1207
2,DNX0344,Multivitamins with Minerals,NDC,NDC,74312002781,1208
2,DNX0344,Multivitamins with Minerals,NDC,NDC,74312002782,1209
2,DNX0344,Multivitamins with Minerals,NDC,NDC,74312003661,1210
2,DNX0344,Multivitamins with Minerals,NDC,NDC,74312004130,1211
2,DNX0344,Multivitamins with Minerals,NDC,NDC,74312007190,1212
2,DNX0344,Multivitamins with Minerals,NDC,NDC,74312007430,1213
2,DNX0344,Multivitamins with Minerals,NDC,NDC,74312007878,1214
2,DNX0344,Multivitamins with Minerals,NDC,NDC,75854030630,1215
2,DNX0344,Multivitamins with Minerals,NDC,NDC,75854034260,1216
2,DNX0344,Multivitamins with Minerals,NDC,NDC,75854034360,1217
2,DNX0344,Multivitamins with Minerals,NDC,NDC,76420015390,1218
2,DNX0344,Multivitamins with Minerals,NDC,NDC,77333013810,1219
2,DNX0344,Multivitamins with Minerals,NDC,NDC,77333013825,1220
2,DNX0344,Multivitamins with Minerals,NDC,NDC,79854001245,1221
2,DNX0344,Multivitamins with Minerals,NDC,NDC,79854040055,1222
2,DNX0344,Multivitamins with Minerals,NDC,NDC,79854061931,1223
2,DNX0344,Multivitamins with Minerals,NDC,NDC,79854073311,1224
2,DNX0344,Multivitamins with Minerals,NDC,NDC,79854075911,1225
2,DNX0344,Multivitamins with Minerals,NDC,NDC,82028012086,1226
2,DNX0344,Multivitamins with Minerals,NDC,NDC,82028012089,1227
2,DNX0344,Multivitamins with Minerals,NDC,NDC,82468061567,1228
2,DNX0344,Multivitamins with Minerals,NDC,NDC,82468062045,1229
2,DNX0344,Multivitamins with Minerals,NDC,NDC,87701040771,1230
2,DNX0344,Multivitamins with Minerals,NDC,NDC,87701040772,1231
2,DNX0344,Multivitamins with Minerals,NDC,NDC,87701092692,1232
2,DNX0344,Multivitamins with Minerals,NDC,NDC,87900009524,1233
2,DNX0344,Multivitamins with Minerals,NDC,NDC,87900040605,1234
2,DNX0344,Multivitamins with Minerals,NDC,NDC,87900072060,1235
2,DNX0344,Multivitamins with Minerals,NDC,NDC,87900074060,1236
2,DNX0344,Multivitamins with Minerals,NDC,NDC,88395004131,1237
2,DNX0344,Multivitamins with Minerals,NDC,NDC,88395004132,1238
2,DNX0344,Multivitamins with Minerals,NDC,NDC,88395004222,1239
2,DNX0344,Multivitamins with Minerals,NDC,NDC,88395004224,1240
2,DNX0344,Multivitamins with Minerals,NDC,NDC,88395004311,1241
2,DNX0344,Multivitamins with Minerals,NDC,NDC,88395004312,1242
2,DNX0344,Multivitamins with Minerals,NDC,NDC,88395004420,1243
2,DNX0344,Multivitamins with Minerals,NDC,NDC,88395004421,1244
2,DNX0344,Multivitamins with Minerals,NDC,NDC,88395004422,1245
2,DNX0344,Multivitamins with Minerals,NDC,NDC,88395004424,1246
2,DNX0344,Multivitamins with Minerals,NDC,NDC,88395004430,1247
2,DNX0344,Multivitamins with Minerals,NDC,NDC,88395005161,1248
2,DNX0344,Multivitamins with Minerals,NDC,NDC,88395005162,1249
2,DNX0344,Multivitamins with Minerals,NDC,NDC,88395005171,1250
2,DNX0344,Multivitamins with Minerals,NDC,NDC,88395005172,1251
2,DNX0344,Multivitamins with Minerals,NDC,NDC,93595094841,1252
2,DNX0344,Multivitamins with Minerals,NDC,NDC,94007013468,1253
2,DNX0344,Multivitamins with Minerals,NDC,NDC,96295012500,1254
2,DNX0344,Multivitamins with Minerals,NDC,NDC,96974000013,1255
2,DNX0344,Multivitamins with Minerals,NDC,NDC,00403306730,160
2,DNX0344,Multivitamins with Minerals,NDC,NDC,00405510401,161
2,DNX0344,Multivitamins with Minerals,NDC,NDC,00418368253,162
2,DNX0344,Multivitamins with Minerals,NDC,NDC,00421008060,163
2,DNX0344,Multivitamins with Minerals,NDC,NDC,00421196560,164
2,DNX0344,Multivitamins with Minerals,NDC,NDC,00463617401,165
2,DNX0344,Multivitamins with Minerals,NDC,NDC,00463617410,166
2,DNX0344,Multivitamins with Minerals,NDC,NDC,00482015490,167
2,DNX0344,Multivitamins with Minerals,NDC,NDC,00482015506,168
2,DNX0344,Multivitamins with Minerals,NDC,NDC,00482015806,169
2,DNX0344,Multivitamins with Minerals,NDC,NDC,00485002301,170
2,DNX0344,Multivitamins with Minerals,NDC,NDC,00527163730,171
2,DNX0344,Multivitamins with Minerals,NDC,NDC,00536103706,172
2,DNX0344,Multivitamins with Minerals,NDC,NDC,00536238085,173
2,DNX0344,Multivitamins with Minerals,NDC,NDC,00536279059,174
2,DNX0344,Multivitamins with Minerals,NDC,NDC,00536335708,175
2,DNX0344,Multivitamins with Minerals,NDC,NDC,00536344238,176
2,DNX0344,Multivitamins with Minerals,NDC,NDC,00536344508,177
2,DNX0344,Multivitamins with Minerals,NDC,NDC,00536344908,178
2,DNX0344,Multivitamins with Minerals,NDC,NDC,00536354701,179
2,DNX0344,Multivitamins with Minerals,NDC,NDC,00536354710,180
2,DNX0344,Multivitamins with Minerals,NDC,NDC,00536354901,181
2,DNX0344,Multivitamins with Minerals,NDC,NDC,00536386537,182
2,DNX0344,Multivitamins with Minerals,NDC,NDC,00536390908,183
2,DNX0344,Multivitamins with Minerals,NDC,NDC,00536391008,184
2,DNX0344,Multivitamins with Minerals,NDC,NDC,00536399301,185
2,DNX0344,Multivitamins with Minerals,NDC,NDC,00536399401,186
2,DNX0344,Multivitamins with Minerals,NDC,NDC,00536404401,187
2,DNX0344,Multivitamins with Minerals,NDC,NDC,00536404610,188
2,DNX0344,Multivitamins with Minerals,NDC,NDC,00536406001,189
2,DNX0344,Multivitamins with Minerals,NDC,NDC,00536406010,190
2,DNX0344,Multivitamins with Minerals,NDC,NDC,00536409338,191
2,DNX0344,Multivitamins with Minerals,NDC,NDC,00536410501,192
2,DNX0344,Multivitamins with Minerals,NDC,NDC,00536417841,193
2,DNX0344,Multivitamins with Minerals,NDC,NDC,00536466608,194
2,DNX0344,Multivitamins with Minerals,NDC,NDC,00536466701,195
2,DNX0344,Multivitamins with Minerals,NDC,NDC,00536466710,196
2,DNX0344,Multivitamins with Minerals,NDC,NDC,00536474601,197
2,DNX0344,Multivitamins with Minerals,NDC,NDC,00536475010,198
2,DNX0344,Multivitamins with Minerals,NDC,NDC,00536475208,199
2,DNX0344,Multivitamins with Minerals,NDC,NDC,00536475408,200
2,DNX0344,Multivitamins with Minerals,NDC,NDC,00536475508,201
2,DNX0344,Multivitamins with Minerals,NDC,NDC,00536558806,202
2,DNX0344,Multivitamins with Minerals,NDC,NDC,00536569606,203
2,DNX0344,Multivitamins with Minerals,NDC,NDC,00536594011,204
2,DNX0344,Multivitamins with Minerals,NDC,NDC,00536594601,205
2,DNX0344,Multivitamins with Minerals,NDC,NDC,00536594806,206
2,DNX0344,Multivitamins with Minerals,NDC,NDC,00536680101,207
2,DNX0344,Multivitamins with Minerals,NDC,NDC,00536781408,208
2,DNX0344,Multivitamins with Minerals,NDC,NDC,00536781501,209
2,DNX0344,Multivitamins with Minerals,NDC,NDC,00573032515,210
2,DNX0344,Multivitamins with Minerals,NDC,NDC,00573032815,211
2,DNX0344,Multivitamins with Minerals,NDC,NDC,00573061030,212
2,DNX0344,Multivitamins with Minerals,NDC,NDC,00573062020,213
2,DNX0344,Multivitamins with Minerals,NDC,NDC,00573062030,214
2,DNX0344,Multivitamins with Minerals,NDC,NDC,00573062530,215
2,DNX0344,Multivitamins with Minerals,NDC,NDC,00576050630,216
2,DNX0344,Multivitamins with Minerals,NDC,NDC,00603597021,217
2,DNX0344,Multivitamins with Minerals,NDC,NDC,00603597028,218
2,DNX0344,Multivitamins with Minerals,NDC,NDC,00603638121,219
2,DNX0344,Multivitamins with Minerals,NDC,NDC,00615068729,220
2,DNX0344,Multivitamins with Minerals,NDC,NDC,00615068743,221
2,DNX0344,Multivitamins with Minerals,NDC,NDC,00615068753,222
2,DNX0344,Multivitamins with Minerals,NDC,NDC,00615068763,223
2,DNX0344,Multivitamins with Minerals,NDC,NDC,00615069329,224
2,DNX0344,Multivitamins with Minerals,NDC,NDC,00615069343,225
2,DNX0344,Multivitamins with Minerals,NDC,NDC,00615069353,226
2,DNX0344,Multivitamins with Minerals,NDC,NDC,00615069363,227
2,DNX0344,Multivitamins with Minerals,NDC,NDC,00615160101,228
2,DNX0344,Multivitamins with Minerals,NDC,NDC,00615160113,229
2,DNX0344,Multivitamins with Minerals,NDC,NDC,00615162613,230
2,DNX0344,Multivitamins with Minerals,NDC,NDC,00615163713,231
2,DNX0344,Multivitamins with Minerals,NDC,NDC,00615163829,232
2,DNX0344,Multivitamins with Minerals,NDC,NDC,00615163843,233
2,DNX0344,Multivitamins with Minerals,NDC,NDC,00615163853,234
2,DNX0344,Multivitamins with Minerals,NDC,NDC,00615163863,235
2,DNX0344,Multivitamins with Minerals,NDC,NDC,00615453029,236
2,DNX0344,Multivitamins with Minerals,NDC,NDC,00615453043,237
2,DNX0344,Multivitamins with Minerals,NDC,NDC,00615453053,238
2,DNX0344,Multivitamins with Minerals,NDC,NDC,00615453063,239
2,DNX0344,Multivitamins with Minerals,NDC,NDC,00615453729,240
2,DNX0344,Multivitamins with Minerals,NDC,NDC,00615453743,241
2,DNX0344,Multivitamins with Minerals,NDC,NDC,00615453753,242
2,DNX0344,Multivitamins with Minerals,NDC,NDC,00615453763,243
2,DNX0344,Multivitamins with Minerals,NDC,NDC,00642020110,244
2,DNX0344,Multivitamins with Minerals,NDC,NDC,00642020315,245
2,DNX0344,Multivitamins with Minerals,NDC,NDC,00642020316,246
2,DNX0344,Multivitamins with Minerals,NDC,NDC,00642020410,247
2,DNX0344,Multivitamins with Minerals,NDC,NDC,00642030030,248
2,DNX0344,Multivitamins with Minerals,NDC,NDC,00642274690,249
2,DNX0344,Multivitamins with Minerals,NDC,NDC,00642275590,250
2,DNX0344,Multivitamins with Minerals,NDC,NDC,00658004010,251
2,DNX0344,Multivitamins with Minerals,NDC,NDC,00658004601,252
2,DNX0344,Multivitamins with Minerals,NDC,NDC,00658004603,253
2,DNX0344,Multivitamins with Minerals,NDC,NDC,00659523801,254
2,DNX0344,Multivitamins with Minerals,NDC,NDC,00677016001,255
2,DNX0344,Multivitamins with Minerals,NDC,NDC,00677017401,256
2,DNX0344,Multivitamins with Minerals,NDC,NDC,00677020001,257
2,DNX0344,Multivitamins with Minerals,NDC,NDC,00677092001,258
2,DNX0344,Multivitamins with Minerals,NDC,NDC,00677094906,259
2,DNX0344,Multivitamins with Minerals,NDC,NDC,00677097006,260
2,DNX0344,Multivitamins with Minerals,NDC,NDC,00677127501,261
2,DNX0344,Multivitamins with Minerals,NDC,NDC,00677160401,262
2,DNX0344,Multivitamins with Minerals,NDC,NDC,00677164501,263
2,DNX0344,Multivitamins with Minerals,NDC,NDC,00677175001,264
2,DNX0344,Multivitamins with Minerals,NDC,NDC,00677188306,265
2,DNX0344,Multivitamins with Minerals,NDC,NDC,00682300001,266
2,DNX0344,Multivitamins with Minerals,NDC,NDC,00686069313,267
2,DNX0344,Multivitamins with Minerals,NDC,NDC,00686163713,268
2,DNX0344,Multivitamins with Minerals,NDC,NDC,00686163813,269
2,DNX0344,Multivitamins with Minerals,NDC,NDC,00686351313,270
2,DNX0344,Multivitamins with Minerals,NDC,NDC,00686519514,271
2,DNX0344,Multivitamins with Minerals,NDC,NDC,00761010612,272
2,DNX0344,Multivitamins with Minerals,NDC,NDC,00761012212,273
2,DNX0344,Multivitamins with Minerals,NDC,NDC,00761012712,274
2,DNX0344,Multivitamins with Minerals,NDC,NDC,00761018820,275
2,DNX0344,Multivitamins with Minerals,NDC,NDC,00761018912,276
2,DNX0344,Multivitamins with Minerals,NDC,NDC,00761043820,277
2,DNX0344,Multivitamins with Minerals,NDC,NDC,00761051410,278
2,DNX0344,Multivitamins with Minerals,NDC,NDC,00761075020,279
2,DNX0344,Multivitamins with Minerals,NDC,NDC,00781110201,280
2,DNX0344,Multivitamins with Minerals,NDC,NDC,00781187801,281
2,DNX0344,Multivitamins with Minerals,NDC,NDC,00781187810,282
2,DNX0344,Multivitamins with Minerals,NDC,NDC,00785481101,283
2,DNX0344,Multivitamins with Minerals,NDC,NDC,00813003801,284
2,DNX0344,Multivitamins with Minerals,NDC,NDC,00813003805,285
2,DNX0344,Multivitamins with Minerals,NDC,NDC,00813003833,286
2,DNX0344,Multivitamins with Minerals,NDC,NDC,00813931601,287
2,DNX0344,Multivitamins with Minerals,NDC,NDC,00814115822,288
2,DNX0344,Multivitamins with Minerals,NDC,NDC,00814285514,289
2,DNX0344,Multivitamins with Minerals,NDC,NDC,00814285522,290
2,DNX0344,Multivitamins with Minerals,NDC,NDC,00814287012,291
2,DNX0344,Multivitamins with Minerals,NDC,NDC,00814287022,292
2,DNX0344,Multivitamins with Minerals,NDC,NDC,00814345014,293
2,DNX0344,Multivitamins with Minerals,NDC,NDC,00814345022,294
2,DNX0344,Multivitamins with Minerals,NDC,NDC,00814345030,295
2,DNX0344,Multivitamins with Minerals,NDC,NDC,00814347022,296
2,DNX0344,Multivitamins with Minerals,NDC,NDC,00814387014,297
2,DNX0344,Multivitamins with Minerals,NDC,NDC,00814387022,298
2,DNX0344,Multivitamins with Minerals,NDC,NDC,00814467014,299
2,DNX0344,Multivitamins with Minerals,NDC,NDC,00814467022,300
2,DNX0344,Multivitamins with Minerals,NDC,NDC,00814467114,301
2,DNX0344,Multivitamins with Minerals,NDC,NDC,00814467122,302
2,DNX0344,Multivitamins with Minerals,NDC,NDC,00814648422,303
2,DNX0344,Multivitamins with Minerals,NDC,NDC,00814710522,304
2,DNX0344,Multivitamins with Minerals,NDC,NDC,00814715710,305
2,DNX0344,Multivitamins with Minerals,NDC,NDC,00814715722,306
2,DNX0344,Multivitamins with Minerals,NDC,NDC,00814727514,307
2,DNX0344,Multivitamins with Minerals,NDC,NDC,00814727522,308
2,DNX0344,Multivitamins with Minerals,NDC,NDC,00814783614,309
2,DNX0344,Multivitamins with Minerals,NDC,NDC,00814783722,310
2,DNX0344,Multivitamins with Minerals,NDC,NDC,00814783830,311
2,DNX0344,Multivitamins with Minerals,NDC,NDC,00814846714,312
2,DNX0344,Multivitamins with Minerals,NDC,NDC,00814846726,313
2,DNX0344,Multivitamins with Minerals,NDC,NDC,00814846730,314
2,DNX0344,Multivitamins with Minerals,NDC,NDC,00814848214,315
2,DNX0344,Multivitamins with Minerals,NDC,NDC,00814848226,316
2,DNX0344,Multivitamins with Minerals,NDC,NDC,00832862716,317
2,DNX0344,Multivitamins with Minerals,NDC,NDC,00834204991,318
2,DNX0344,Multivitamins with Minerals,NDC,NDC,00839518206,319
2,DNX0344,Multivitamins with Minerals,NDC,NDC,00839626106,320
2,DNX0344,Multivitamins with Minerals,NDC,NDC,00839632105,321
2,DNX0344,Multivitamins with Minerals,NDC,NDC,00839635705,322
2,DNX0344,Multivitamins with Minerals,NDC,NDC,00839658706,323
2,DNX0344,Multivitamins with Minerals,NDC,NDC,00839679106,324
2,DNX0344,Multivitamins with Minerals,NDC,NDC,00839729288,325
2,DNX0344,Multivitamins with Minerals,NDC,NDC,00839729305,326
2,DNX0344,Multivitamins with Minerals,NDC,NDC,00839729506,327
2,DNX0344,Multivitamins with Minerals,NDC,NDC,00839730806,328
2,DNX0344,Multivitamins with Minerals,NDC,NDC,00839750806,329
2,DNX0344,Multivitamins with Minerals,NDC,NDC,00839766605,330
2,DNX0344,Multivitamins with Minerals,NDC,NDC,00839769166,331
2,DNX0344,Multivitamins with Minerals,NDC,NDC,00839772005,332
2,DNX0344,Multivitamins with Minerals,NDC,NDC,00839784904,333
2,DNX0344,Multivitamins with Minerals,NDC,NDC,00904003470,334
2,DNX0344,Multivitamins with Minerals,NDC,NDC,00904003480,335
2,DNX0344,Multivitamins with Minerals,NDC,NDC,00904026352,336
2,DNX0344,Multivitamins with Minerals,NDC,NDC,00904030352,337
2,DNX0344,Multivitamins with Minerals,NDC,NDC,00904030361,338
2,DNX0344,Multivitamins with Minerals,NDC,NDC,00904030460,339
2,DNX0344,Multivitamins with Minerals,NDC,NDC,00904030461,340
2,DNX0344,Multivitamins with Minerals,NDC,NDC,00904030480,341
2,DNX0344,Multivitamins with Minerals,NDC,NDC,00904053061,342
2,DNX0344,Multivitamins with Minerals,NDC,NDC,00904053252,343
2,DNX0344,Multivitamins with Minerals,NDC,NDC,00904053360,344
2,DNX0344,Multivitamins with Minerals,NDC,NDC,00904053680,345
2,DNX0344,Multivitamins with Minerals,NDC,NDC,00904054013,346
2,DNX0344,Multivitamins with Minerals,NDC,NDC,00904054061,347
2,DNX0344,Multivitamins with Minerals,NDC,NDC,00904054080,348
2,DNX0344,Multivitamins with Minerals,NDC,NDC,00904235562,349
2,DNX0344,Multivitamins with Minerals,NDC,NDC,00904235592,350
2,DNX0344,Multivitamins with Minerals,NDC,NDC,00904264013,351
2,DNX0344,Multivitamins with Minerals,NDC,NDC,00904264060,352
2,DNX0344,Multivitamins with Minerals,NDC,NDC,00904264072,353
2,DNX0344,Multivitamins with Minerals,NDC,NDC,00904264113,354
2,DNX0344,Multivitamins with Minerals,NDC,NDC,00904264146,355
2,DNX0344,Multivitamins with Minerals,NDC,NDC,00904264172,356
2,DNX0344,Multivitamins with Minerals,NDC,NDC,00904272752,357
2,DNX0344,Multivitamins with Minerals,NDC,NDC,00904275452,358
2,DNX0344,Multivitamins with Minerals,NDC,NDC,00904275460,359
2,DNX0344,Multivitamins with Minerals,NDC,NDC,00904317960,360
2,DNX0344,Multivitamins with Minerals,NDC,NDC,00904318560,361
2,DNX0344,Multivitamins with Minerals,NDC,NDC,00904323306,362
2,DNX0344,Multivitamins with Minerals,NDC,NDC,00904323393,363
2,DNX0344,Multivitamins with Minerals,NDC,NDC,00904420752,364
2,DNX0344,Multivitamins with Minerals,NDC,NDC,00904420760,365
2,DNX0344,Multivitamins with Minerals,NDC,NDC,00904420813,366
2,DNX0344,Multivitamins with Minerals,NDC,NDC,00904420870,367
2,DNX0344,Multivitamins with Minerals,NDC,NDC,00904422452,368
2,DNX0344,Multivitamins with Minerals,NDC,NDC,00904425418,369
2,DNX0344,Multivitamins with Minerals,NDC,NDC,00904425446,370
2,DNX0344,Multivitamins with Minerals,NDC,NDC,00904425452,371
2,DNX0344,Multivitamins with Minerals,NDC,NDC,00904434460,372
2,DNX0344,Multivitamins with Minerals,NDC,NDC,00904502309,373
2,DNX0344,Multivitamins with Minerals,NDC,NDC,00904503852,374
2,DNX0344,Multivitamins with Minerals,NDC,NDC,00904503951,375
2,DNX0344,Multivitamins with Minerals,NDC,NDC,00904504260,376
2,DNX0344,Multivitamins with Minerals,NDC,NDC,00904504351,377
2,DNX0344,Multivitamins with Minerals,NDC,NDC,00904504452,378
2,DNX0344,Multivitamins with Minerals,NDC,NDC,00904506151,379
2,DNX0344,Multivitamins with Minerals,NDC,NDC,00904539360,380
2,DNX0344,Multivitamins with Minerals,NDC,NDC,00904548652,381
2,DNX0344,Multivitamins with Minerals,NDC,NDC,00904548689,382
2,DNX0344,Multivitamins with Minerals,NDC,NDC,00904555752,383
2,DNX0344,Multivitamins with Minerals,NDC,NDC,00904559652,384
2,DNX0344,Multivitamins with Minerals,NDC,NDC,00904564752,385
2,DNX0344,Multivitamins with Minerals,NDC,NDC,00904571352,386
2,DNX0344,Multivitamins with Minerals,NDC,NDC,00904767660,387
2,DNX0344,Multivitamins with Minerals,NDC,NDC,00904770552,388
2,DNX0344,Multivitamins with Minerals,NDC,NDC,00904770652,389
2,DNX0344,Multivitamins with Minerals,NDC,NDC,00904773518,390
2,DNX0344,Multivitamins with Minerals,NDC,NDC,00904773552,391
2,DNX0344,Multivitamins with Minerals,NDC,NDC,00904792960,392
2,DNX0344,Multivitamins with Minerals,NDC,NDC,00927001112,393
2,DNX0344,Multivitamins with Minerals,NDC,NDC,00927001212,394
2,DNX0344,Multivitamins with Minerals,NDC,NDC,01780027730,395
2,DNX0344,Multivitamins with Minerals,NDC,NDC,01780055001,396
2,DNX0344,Multivitamins with Minerals,NDC,NDC,01780082515,397
2,DNX0344,Multivitamins with Minerals,NDC,NDC,02590035116,398
2,DNX0344,Multivitamins with Minerals,NDC,NDC,04000000135,399
2,DNX0344,Multivitamins with Minerals,NDC,NDC,04000000137,400
2,DNX0344,Multivitamins with Minerals,NDC,NDC,04000000214,401
2,DNX0344,Multivitamins with Minerals,NDC,NDC,04000000220,402
2,DNX0344,Multivitamins with Minerals,NDC,NDC,05105011180,403
2,DNX0344,Multivitamins with Minerals,NDC,NDC,05105011190,404
2,DNX0344,Multivitamins with Minerals,NDC,NDC,05105011200,405
2,DNX0344,Multivitamins with Minerals,NDC,NDC,07661065810,406
2,DNX0344,Multivitamins with Minerals,NDC,NDC,07661065820,407
2,DNX0344,Multivitamins with Minerals,NDC,NDC,09042064180,408
2,DNX0344,Multivitamins with Minerals,NDC,NDC,10006073023,409
2,DNX0344,Multivitamins with Minerals,NDC,NDC,10006073024,410
2,DNX0344,Multivitamins with Minerals,NDC,NDC,10135034701,411
2,DNX0344,Multivitamins with Minerals,NDC,NDC,10135034710,412
2,DNX0344,Multivitamins with Minerals,NDC,NDC,10135034769,413
2,DNX0344,Multivitamins with Minerals,NDC,NDC,10267102701,414
2,DNX0344,Multivitamins with Minerals,NDC,NDC,10267102705,415
2,DNX0344,Multivitamins with Minerals,NDC,NDC,10267201602,416
2,DNX0344,Multivitamins with Minerals,NDC,NDC,10363025319,417
2,DNX0344,Multivitamins with Minerals,NDC,NDC,10432001401,418
2,DNX0344,Multivitamins with Minerals,NDC,NDC,10432001402,419
2,DNX0344,Multivitamins with Minerals,NDC,NDC,10432002701,420
2,DNX0344,Multivitamins with Minerals,NDC,NDC,10432002702,421
2,DNX0344,Multivitamins with Minerals,NDC,NDC,10432004701,422
2,DNX0344,Multivitamins with Minerals,NDC,NDC,10432005001,423
2,DNX0344,Multivitamins with Minerals,NDC,NDC,10432005002,424
2,DNX0344,Multivitamins with Minerals,NDC,NDC,10432005003,425
2,DNX0344,Multivitamins with Minerals,NDC,NDC,10432007101,426
2,DNX0344,Multivitamins with Minerals,NDC,NDC,10432007102,427
2,DNX0344,Multivitamins with Minerals,NDC,NDC,10432014801,428
2,DNX0344,Multivitamins with Minerals,NDC,NDC,10432029201,429
2,DNX0344,Multivitamins with Minerals,NDC,NDC,10432029202,430
2,DNX0344,Multivitamins with Minerals,NDC,NDC,10432033601,431
2,DNX0344,Multivitamins with Minerals,NDC,NDC,10432033602,432
2,DNX0344,Multivitamins with Minerals,NDC,NDC,10432034101,433
2,DNX0344,Multivitamins with Minerals,NDC,NDC,10432034102,434
2,DNX0344,Multivitamins with Minerals,NDC,NDC,10432034201,435
2,DNX0344,Multivitamins with Minerals,NDC,NDC,10432034202,436
2,DNX0344,Multivitamins with Minerals,NDC,NDC,10432036401,437
2,DNX0344,Multivitamins with Minerals,NDC,NDC,10432036402,438
2,DNX0344,Multivitamins with Minerals,NDC,NDC,10539083459,439
2,DNX0344,Multivitamins with Minerals,NDC,NDC,10542000909,440
2,DNX0344,Multivitamins with Minerals,NDC,NDC,10542001510,441
2,DNX0344,Multivitamins with Minerals,NDC,NDC,10542005010,442
2,DNX0344,Multivitamins with Minerals,NDC,NDC,10712041003,443
2,DNX0344,Multivitamins with Minerals,NDC,NDC,10712041006,444
2,DNX0344,Multivitamins with Minerals,NDC,NDC,10712061151,445
2,DNX0344,Multivitamins with Minerals,NDC,NDC,10712062300,446
2,DNX0344,Multivitamins with Minerals,NDC,NDC,10712063302,447
2,DNX0344,Multivitamins with Minerals,NDC,NDC,10888004801,448
2,DNX0344,Multivitamins with Minerals,NDC,NDC,10888532101,449
2,DNX0344,Multivitamins with Minerals,NDC,NDC,10888532601,450
2,DNX0344,Multivitamins with Minerals,NDC,NDC,10888532701,451
2,DNX0344,Multivitamins with Minerals,NDC,NDC,10888532703,452
2,DNX0344,Multivitamins with Minerals,NDC,NDC,10888863001,453
2,DNX0344,Multivitamins with Minerals,NDC,NDC,10888881004,454
2,DNX0344,Multivitamins with Minerals,NDC,NDC,10939886404,455
2,DNX0344,Multivitamins with Minerals,NDC,NDC,10956054809,456
2,DNX0344,Multivitamins with Minerals,NDC,NDC,10956054848,457
2,DNX0344,Multivitamins with Minerals,NDC,NDC,10956061160,458
2,DNX0344,Multivitamins with Minerals,NDC,NDC,10956061709,459
2,DNX0344,Multivitamins with Minerals,NDC,NDC,10956061750,460
2,DNX0344,Multivitamins with Minerals,NDC,NDC,11026274608,461
2,DNX0344,Multivitamins with Minerals,NDC,NDC,11026302003,462
2,DNX0344,Multivitamins with Minerals,NDC,NDC,11026303003,463
2,DNX0344,Multivitamins with Minerals,NDC,NDC,11694011901,464
2,DNX0344,Multivitamins with Minerals,NDC,NDC,11694066501,465
2,DNX0344,Multivitamins with Minerals,NDC,NDC,11694066518,466
2,DNX0344,Multivitamins with Minerals,NDC,NDC,11694070301,467
2,DNX0344,Multivitamins with Minerals,NDC,NDC,11694070305,468
2,DNX0344,Multivitamins with Minerals,NDC,NDC,11694071401,469
2,DNX0344,Multivitamins with Minerals,NDC,NDC,11694071402,470
2,DNX0344,Multivitamins with Minerals,NDC,NDC,11694071702,471
2,DNX0344,Multivitamins with Minerals,NDC,NDC,11694075102,472
2,DNX0344,Multivitamins with Minerals,NDC,NDC,11694079208,473
2,DNX0344,Multivitamins with Minerals,NDC,NDC,11694079216,474
2,DNX0344,Multivitamins with Minerals,NDC,NDC,11694084201,475
2,DNX0344,Multivitamins with Minerals,NDC,NDC,11694084205,476
2,DNX0344,Multivitamins with Minerals,NDC,NDC,11720021008,477
2,DNX0344,Multivitamins with Minerals,NDC,NDC,11720021030,478
2,DNX0344,Multivitamins with Minerals,NDC,NDC,11720021210,479
2,DNX0344,Multivitamins with Minerals,NDC,NDC,11720021280,480
2,DNX0344,Multivitamins with Minerals,NDC,NDC,11720021328,481
2,DNX0344,Multivitamins with Minerals,NDC,NDC,11762078110,482
2,DNX0344,Multivitamins with Minerals,NDC,NDC,11822000407,483
2,DNX0344,Multivitamins with Minerals,NDC,NDC,11822000923,484
2,DNX0344,Multivitamins with Minerals,NDC,NDC,11822002271,485
2,DNX0344,Multivitamins with Minerals,NDC,NDC,11822004200,486
2,DNX0344,Multivitamins with Minerals,NDC,NDC,11822011918,487
2,DNX0344,Multivitamins with Minerals,NDC,NDC,11822028331,488
2,DNX0344,Multivitamins with Minerals,NDC,NDC,11822034595,489
2,DNX0344,Multivitamins with Minerals,NDC,NDC,11822034596,490
2,DNX0344,Multivitamins with Minerals,NDC,NDC,11822037123,491
2,DNX0344,Multivitamins with Minerals,NDC,NDC,11822048988,492
2,DNX0344,Multivitamins with Minerals,NDC,NDC,11822051107,493
2,DNX0344,Multivitamins with Minerals,NDC,NDC,11822063329,494
2,DNX0344,Multivitamins with Minerals,NDC,NDC,11822074421,495
2,DNX0344,Multivitamins with Minerals,NDC,NDC,11822074422,496
2,DNX0344,Multivitamins with Minerals,NDC,NDC,11822084422,497
2,DNX0344,Multivitamins with Minerals,NDC,NDC,11822088121,498
2,DNX0344,Multivitamins with Minerals,NDC,NDC,11822110007,499
2,DNX0344,Multivitamins with Minerals,NDC,NDC,11822322806,500
2,DNX0344,Multivitamins with Minerals,NDC,NDC,11822881004,501
2,DNX0344,Multivitamins with Minerals,NDC,NDC,11822881005,502
2,DNX0344,Multivitamins with Minerals,NDC,NDC,11822881200,503
2,DNX0344,Multivitamins with Minerals,NDC,NDC,11822881202,504
2,DNX0344,Multivitamins with Minerals,NDC,NDC,11845000468,505
2,DNX0344,Multivitamins with Minerals,NDC,NDC,11845000881,506
2,DNX0344,Multivitamins with Minerals,NDC,NDC,11845004601,507
2,DNX0344,Multivitamins with Minerals,NDC,NDC,11845005621,508
2,DNX0344,Multivitamins with Minerals,NDC,NDC,11845005625,509
2,DNX0344,Multivitamins with Minerals,NDC,NDC,11845005841,510
2,DNX0344,Multivitamins with Minerals,NDC,NDC,11845006001,511
2,DNX0344,Multivitamins with Minerals,NDC,NDC,11845006002,512
2,DNX0344,Multivitamins with Minerals,NDC,NDC,11845006003,513
2,DNX0344,Multivitamins with Minerals,NDC,NDC,11845007455,514
2,DNX0344,Multivitamins with Minerals,NDC,NDC,11845007675,515
2,DNX0344,Multivitamins with Minerals,NDC,NDC,11845007921,516
2,DNX0344,Multivitamins with Minerals,NDC,NDC,11845007925,517
2,DNX0344,Multivitamins with Minerals,NDC,NDC,11845008303,518
2,DNX0344,Multivitamins with Minerals,NDC,NDC,11845008308,519
2,DNX0344,Multivitamins with Minerals,NDC,NDC,11845008311,520
2,DNX0344,Multivitamins with Minerals,NDC,NDC,11845009465,521
2,DNX0344,Multivitamins with Minerals,NDC,NDC,11845009555,522
2,DNX0344,Multivitamins with Minerals,NDC,NDC,11845009745,523
2,DNX0344,Multivitamins with Minerals,NDC,NDC,11845009746,524
2,DNX0344,Multivitamins with Minerals,NDC,NDC,11845009929,525
2,DNX0344,Multivitamins with Minerals,NDC,NDC,11845009981,526
2,DNX0344,Multivitamins with Minerals,NDC,NDC,11845009989,527
2,DNX0344,Multivitamins with Minerals,NDC,NDC,11845012295,528
2,DNX0344,Multivitamins with Minerals,NDC,NDC,11845012439,529
2,DNX0344,Multivitamins with Minerals,NDC,NDC,11845012505,530
2,DNX0344,Multivitamins with Minerals,NDC,NDC,11845013021,531
2,DNX0344,Multivitamins with Minerals,NDC,NDC,11845014855,532
2,DNX0344,Multivitamins with Minerals,NDC,NDC,11845014941,533
2,DNX0344,Multivitamins with Minerals,NDC,NDC,11845025505,534
2,DNX0344,Multivitamins with Minerals,NDC,NDC,11845039801,535
2,DNX0344,Multivitamins with Minerals,NDC,NDC,11845039803,536
2,DNX0344,Multivitamins with Minerals,NDC,NDC,11845044613,537
2,DNX0344,Multivitamins with Minerals,NDC,NDC,11845058304,538
2,DNX0344,Multivitamins with Minerals,NDC,NDC,11845060004,539
2,DNX0344,Multivitamins with Minerals,NDC,NDC,11845072201,540
2,DNX0344,Multivitamins with Minerals,NDC,NDC,11845074805,541
2,DNX0344,Multivitamins with Minerals,NDC,NDC,11845075201,542
2,DNX0344,Multivitamins with Minerals,NDC,NDC,11845098005,543
2,DNX0344,Multivitamins with Minerals,NDC,NDC,11845098008,544
2,DNX0344,Multivitamins with Minerals,NDC,NDC,11845099709,545
2,DNX0344,Multivitamins with Minerals,NDC,NDC,11845099909,546
2,DNX0344,Multivitamins with Minerals,NDC,NDC,12258011220,547
2,DNX0344,Multivitamins with Minerals,NDC,NDC,12258011240,548
2,DNX0344,Multivitamins with Minerals,NDC,NDC,12258011280,549
2,DNX0344,Multivitamins with Minerals,NDC,NDC,12277050333,550
2,DNX0344,Multivitamins with Minerals,NDC,NDC,12277050335,551
2,DNX0344,Multivitamins with Minerals,NDC,NDC,12277050337,552
2,DNX0344,Multivitamins with Minerals,NDC,NDC,12280018695,553
2,DNX0344,Multivitamins with Minerals,NDC,NDC,12280020600,554
2,DNX0344,Multivitamins with Minerals,NDC,NDC,12434051223,555
2,DNX0344,Multivitamins with Minerals,NDC,NDC,12535012808,556
2,DNX0344,Multivitamins with Minerals,NDC,NDC,12539053301,557
2,DNX0344,Multivitamins with Minerals,NDC,NDC,12939016008,558
2,DNX0344,Multivitamins with Minerals,NDC,NDC,12939030410,559
2,DNX0344,Multivitamins with Minerals,NDC,NDC,12939031360,560
2,DNX0344,Multivitamins with Minerals,NDC,NDC,13349001020,561
2,DNX0344,Multivitamins with Minerals,NDC,NDC,13349001021,562
2,DNX0344,Multivitamins with Minerals,NDC,NDC,13349001036,563
2,DNX0344,Multivitamins with Minerals,NDC,NDC,13349001038,564
2,DNX0344,Multivitamins with Minerals,NDC,NDC,13349001044,565
2,DNX0344,Multivitamins with Minerals,NDC,NDC,13349001047,566
2,DNX0344,Multivitamins with Minerals,NDC,NDC,13349001091,567
2,DNX0344,Multivitamins with Minerals,NDC,NDC,13811002710,568
2,DNX0344,Multivitamins with Minerals,NDC,NDC,13811050460,569
2,DNX0344,Multivitamins with Minerals,NDC,NDC,16500007511,570
2,DNX0344,Multivitamins with Minerals,NDC,NDC,16500007513,571
2,DNX0344,Multivitamins with Minerals,NDC,NDC,16500007515,572
2,DNX0344,Multivitamins with Minerals,NDC,NDC,16500007630,573
2,DNX0344,Multivitamins with Minerals,NDC,NDC,16500007706,574
2,DNX0344,Multivitamins with Minerals,NDC,NDC,16500008105,575
2,DNX0344,Multivitamins with Minerals,NDC,NDC,16500008108,576
2,DNX0344,Multivitamins with Minerals,NDC,NDC,16500008130,577
2,DNX0344,Multivitamins with Minerals,NDC,NDC,16500008205,578
2,DNX0344,Multivitamins with Minerals,NDC,NDC,16500008425,579
2,DNX0344,Multivitamins with Minerals,NDC,NDC,16500008428,580
2,DNX0344,Multivitamins with Minerals,NDC,NDC,16500008619,581
2,DNX0344,Multivitamins with Minerals,NDC,NDC,16500008824,582
2,DNX0344,Multivitamins with Minerals,NDC,NDC,16500009713,583
2,DNX0344,Multivitamins with Minerals,NDC,NDC,16500050603,584
2,DNX0344,Multivitamins with Minerals,NDC,NDC,16500050604,585
2,DNX0344,Multivitamins with Minerals,NDC,NDC,16500051328,586
2,DNX0344,Multivitamins with Minerals,NDC,NDC,16500053082,587
2,DNX0344,Multivitamins with Minerals,NDC,NDC,16500053507,588
2,DNX0344,Multivitamins with Minerals,NDC,NDC,16500053728,589
2,DNX0344,Multivitamins with Minerals,NDC,NDC,16500054099,590
2,DNX0344,Multivitamins with Minerals,NDC,NDC,16500054830,591
2,DNX0344,Multivitamins with Minerals,NDC,NDC,16500055389,592
2,DNX0344,Multivitamins with Minerals,NDC,NDC,16500055434,593
2,DNX0344,Multivitamins with Minerals,NDC,NDC,16500055435,594
2,DNX0344,Multivitamins with Minerals,NDC,NDC,16500055436,595
2,DNX0344,Multivitamins with Minerals,NDC,NDC,16500055437,596
2,DNX0344,Multivitamins with Minerals,NDC,NDC,16500055591,597
2,DNX0344,Multivitamins with Minerals,NDC,NDC,16500055592,598
2,DNX0344,Multivitamins with Minerals,NDC,NDC,16500055711,599
2,DNX0344,Multivitamins with Minerals,NDC,NDC,16500055818,600
2,DNX0344,Multivitamins with Minerals,NDC,NDC,16500055819,601
2,DNX0344,Multivitamins with Minerals,NDC,NDC,16500055827,602
2,DNX0344,Multivitamins with Minerals,NDC,NDC,16500056015,603
2,DNX0344,Multivitamins with Minerals,NDC,NDC,16500056164,604
2,DNX0344,Multivitamins with Minerals,NDC,NDC,16500056529,605
2,DNX0344,Multivitamins with Minerals,NDC,NDC,16500056531,606
2,DNX0344,Multivitamins with Minerals,NDC,NDC,16500056860,607
2,DNX0344,Multivitamins with Minerals,NDC,NDC,16500056861,608
2,DNX0344,Multivitamins with Minerals,NDC,NDC,16500056862,609
2,DNX0344,Multivitamins with Minerals,NDC,NDC,16500056870,610
2,DNX0344,Multivitamins with Minerals,NDC,NDC,16500056871,611
2,DNX0344,Multivitamins with Minerals,NDC,NDC,16837086610,612
2,DNX0344,Multivitamins with Minerals,NDC,NDC,16837086625,613
2,DNX0344,Multivitamins with Minerals,NDC,NDC,17204036220,614
2,DNX0344,Multivitamins with Minerals,NDC,NDC,17204039840,615
2,DNX0344,Multivitamins with Minerals,NDC,NDC,17204043240,616
2,DNX0344,Multivitamins with Minerals,NDC,NDC,17204054685,617
2,DNX0344,Multivitamins with Minerals,NDC,NDC,17204054750,618
2,DNX0344,Multivitamins with Minerals,NDC,NDC,17204054850,619
2,DNX0344,Multivitamins with Minerals,NDC,NDC,17204080740,620
2,DNX0344,Multivitamins with Minerals,NDC,NDC,17204081620,621
2,DNX0344,Multivitamins with Minerals,NDC,NDC,17236039301,622
2,DNX0344,Multivitamins with Minerals,NDC,NDC,17236039310,623
2,DNX0344,Multivitamins with Minerals,NDC,NDC,17236039313,624
2,DNX0344,Multivitamins with Minerals,NDC,NDC,17236040001,625
2,DNX0344,Multivitamins with Minerals,NDC,NDC,17236040010,626
2,DNX0344,Multivitamins with Minerals,NDC,NDC,17236041201,627
2,DNX0344,Multivitamins with Minerals,NDC,NDC,17236041210,628
2,DNX0344,Multivitamins with Minerals,NDC,NDC,17236045001,629
2,DNX0344,Multivitamins with Minerals,NDC,NDC,17236045010,630
2,DNX0344,Multivitamins with Minerals,NDC,NDC,17236045013,631
2,DNX0344,Multivitamins with Minerals,NDC,NDC,17236045801,632
2,DNX0344,Multivitamins with Minerals,NDC,NDC,17236045810,633
2,DNX0344,Multivitamins with Minerals,NDC,NDC,17856502301,634
2,DNX0344,Multivitamins with Minerals,NDC,NDC,17856502303,635
2,DNX0344,Multivitamins with Minerals,NDC,NDC,19810000464,636
2,DNX0344,Multivitamins with Minerals,NDC,NDC,19810000469,637
2,DNX0344,Multivitamins with Minerals,NDC,NDC,19810005365,638
2,DNX0344,Multivitamins with Minerals,NDC,NDC,19810005462,639
2,DNX0344,Multivitamins with Minerals,NDC,NDC,19810005673,640
2,DNX0344,Multivitamins with Minerals,NDC,NDC,21292000442,641
2,DNX0344,Multivitamins with Minerals,NDC,NDC,21659000079,642
2,DNX0344,Multivitamins with Minerals,NDC,NDC,21695055060,643
2,DNX0344,Multivitamins with Minerals,NDC,NDC,23490500801,644
2,DNX0344,Multivitamins with Minerals,NDC,NDC,23490785300,645
2,DNX0344,Multivitamins with Minerals,NDC,NDC,23558053052,646
2,DNX0344,Multivitamins with Minerals,NDC,NDC,23558053053,647
2,DNX0344,Multivitamins with Minerals,NDC,NDC,23558053054,648
2,DNX0344,Multivitamins with Minerals,NDC,NDC,23558053057,649
2,DNX0344,Multivitamins with Minerals,NDC,NDC,23558053058,650
2,DNX0344,Multivitamins with Minerals,NDC,NDC,23558053059,651
2,DNX0344,Multivitamins with Minerals,NDC,NDC,23558056084,652
2,DNX0344,Multivitamins with Minerals,NDC,NDC,23558056110,653
2,DNX0344,Multivitamins with Minerals,NDC,NDC,23594010030,654
2,DNX0344,Multivitamins with Minerals,NDC,NDC,23594020030,655
2,DNX0344,Multivitamins with Minerals,NDC,NDC,23594030030,656
2,DNX0344,Multivitamins with Minerals,NDC,NDC,23594040030,657
2,DNX0344,Multivitamins with Minerals,NDC,NDC,24038000011,658
2,DNX0344,Multivitamins with Minerals,NDC,NDC,24208038727,659
2,DNX0344,Multivitamins with Minerals,NDC,NDC,24208038728,660
2,DNX0344,Multivitamins with Minerals,NDC,NDC,24208038760,661
2,DNX0344,Multivitamins with Minerals,NDC,NDC,24208038761,662
2,DNX0344,Multivitamins with Minerals,NDC,NDC,24208038762,663
2,DNX0344,Multivitamins with Minerals,NDC,NDC,24208038763,664
2,DNX0344,Multivitamins with Minerals,NDC,NDC,24208038773,665
2,DNX0344,Multivitamins with Minerals,NDC,NDC,24208038777,666
2,DNX0344,Multivitamins with Minerals,NDC,NDC,24208038819,667
2,DNX0344,Multivitamins with Minerals,NDC,NDC,24208038822,668
2,DNX0344,Multivitamins with Minerals,NDC,NDC,24208038824,669
2,DNX0344,Multivitamins with Minerals,NDC,NDC,24208043262,670
2,DNX0344,Multivitamins with Minerals,NDC,NDC,24208043272,671
2,DNX0344,Multivitamins with Minerals,NDC,NDC,24208053210,672
2,DNX0344,Multivitamins with Minerals,NDC,NDC,24208053220,673
2,DNX0344,Multivitamins with Minerals,NDC,NDC,24208053230,674
2,DNX0344,Multivitamins with Minerals,NDC,NDC,24208053240,675
2,DNX0344,Multivitamins with Minerals,NDC,NDC,24208069762,676
2,DNX0344,Multivitamins with Minerals,NDC,NDC,24385009072,677
2,DNX0344,Multivitamins with Minerals,NDC,NDC,24385013279,678
2,DNX0344,Multivitamins with Minerals,NDC,NDC,24385016272,679
2,DNX0344,Multivitamins with Minerals,NDC,NDC,24385020672,680
2,DNX0344,Multivitamins with Minerals,NDC,NDC,24385020872,681
2,DNX0344,Multivitamins with Minerals,NDC,NDC,24385026098,682
2,DNX0344,Multivitamins with Minerals,NDC,NDC,24385026171,683
2,DNX0344,Multivitamins with Minerals,NDC,NDC,24385026372,684
2,DNX0344,Multivitamins with Minerals,NDC,NDC,24385027978,685
2,DNX0344,Multivitamins with Minerals,NDC,NDC,24385056434,686
2,DNX0344,Multivitamins with Minerals,NDC,NDC,24385064641,687
2,DNX0344,Multivitamins with Minerals,NDC,NDC,24385068078,688
2,DNX0344,Multivitamins with Minerals,NDC,NDC,24385071079,689
2,DNX0344,Multivitamins with Minerals,NDC,NDC,24385071087,690
2,DNX0344,Multivitamins with Minerals,NDC,NDC,24385071172,691
2,DNX0344,Multivitamins with Minerals,NDC,NDC,24385071279,692
2,DNX0344,Multivitamins with Minerals,NDC,NDC,24385071578,693
2,DNX0344,Multivitamins with Minerals,NDC,NDC,24385072472,694
2,DNX0344,Multivitamins with Minerals,NDC,NDC,24385072772,695
2,DNX0344,Multivitamins with Minerals,NDC,NDC,24385077978,696
2,DNX0344,Multivitamins with Minerals,NDC,NDC,24385078072,697
2,DNX0344,Multivitamins with Minerals,NDC,NDC,24385078772,698
2,DNX0344,Multivitamins with Minerals,NDC,NDC,24385079672,699
2,DNX0344,Multivitamins with Minerals,NDC,NDC,24385080179,700
2,DNX0344,Multivitamins with Minerals,NDC,NDC,24385080379,701
2,DNX0344,Multivitamins with Minerals,NDC,NDC,24385080578,702
2,DNX0344,Multivitamins with Minerals,NDC,NDC,24385080972,703
2,DNX0344,Multivitamins with Minerals,NDC,NDC,24385081278,704
2,DNX0344,Multivitamins with Minerals,NDC,NDC,24385081378,705
2,DNX0344,Multivitamins with Minerals,NDC,NDC,24385081478,706
2,DNX0344,Multivitamins with Minerals,NDC,NDC,24385081578,707
2,DNX0344,Multivitamins with Minerals,NDC,NDC,24385082172,708
2,DNX0344,Multivitamins with Minerals,NDC,NDC,24385082478,709
2,DNX0344,Multivitamins with Minerals,NDC,NDC,24385082578,710
2,DNX0344,Multivitamins with Minerals,NDC,NDC,24385082672,711
2,DNX0344,Multivitamins with Minerals,NDC,NDC,24385083472,712
2,DNX0344,Multivitamins with Minerals,NDC,NDC,24385083665,713
2,DNX0344,Multivitamins with Minerals,NDC,NDC,24385084171,714
2,DNX0344,Multivitamins with Minerals,NDC,NDC,24385084572,715
2,DNX0344,Multivitamins with Minerals,NDC,NDC,24385088772,716
2,DNX0344,Multivitamins with Minerals,NDC,NDC,24385091178,717
2,DNX0344,Multivitamins with Minerals,NDC,NDC,24385091679,718
2,DNX0344,Multivitamins with Minerals,NDC,NDC,24385093778,719
2,DNX0344,Multivitamins with Minerals,NDC,NDC,24385094078,720
2,DNX0344,Multivitamins with Minerals,NDC,NDC,24385094172,721
2,DNX0344,Multivitamins with Minerals,NDC,NDC,24385096878,722
2,DNX0344,Multivitamins with Minerals,NDC,NDC,24675071061,723
2,DNX0344,Multivitamins with Minerals,NDC,NDC,24675071120,724
2,DNX0344,Multivitamins with Minerals,NDC,NDC,25077000070,725
2,DNX0344,Multivitamins with Minerals,NDC,NDC,25077000073,726
2,DNX0344,Multivitamins with Minerals,NDC,NDC,25077000350,727
2,DNX0344,Multivitamins with Minerals,NDC,NDC,25077000500,728
2,DNX0344,Multivitamins with Minerals,NDC,NDC,25077001570,729
2,DNX0344,Multivitamins with Minerals,NDC,NDC,25077001574,730
2,DNX0344,Multivitamins with Minerals,NDC,NDC,25077001632,731
2,DNX0344,Multivitamins with Minerals,NDC,NDC,25077002100,732
2,DNX0344,Multivitamins with Minerals,NDC,NDC,25077002781,733
2,DNX0344,Multivitamins with Minerals,NDC,NDC,25077003270,734
2,DNX0344,Multivitamins with Minerals,NDC,NDC,25077004130,735
2,DNX0344,Multivitamins with Minerals,NDC,NDC,25077004240,736
2,DNX0344,Multivitamins with Minerals,NDC,NDC,25077004680,737
2,DNX0344,Multivitamins with Minerals,NDC,NDC,25077004690,738
2,DNX0344,Multivitamins with Minerals,NDC,NDC,25077007190,739
2,DNX0344,Multivitamins with Minerals,NDC,NDC,25077007430,740
2,DNX0344,Multivitamins with Minerals,NDC,NDC,25077007580,741
2,DNX0344,Multivitamins with Minerals,NDC,NDC,25077015511,742
2,DNX0344,Multivitamins with Minerals,NDC,NDC,25077019311,743
2,DNX0344,Multivitamins with Minerals,NDC,NDC,25332103802,744
2,DNX0344,Multivitamins with Minerals,NDC,NDC,25332107701,745
2,DNX0344,Multivitamins with Minerals,NDC,NDC,25332107702,746
2,DNX0344,Multivitamins with Minerals,NDC,NDC,27917001471,747
2,DNX0344,Multivitamins with Minerals,NDC,NDC,27917001919,748
2,DNX0344,Multivitamins with Minerals,NDC,NDC,27917001950,749
2,DNX0344,Multivitamins with Minerals,NDC,NDC,30727031448,750
2,DNX0344,Multivitamins with Minerals,NDC,NDC,30768000055,751
2,DNX0344,Multivitamins with Minerals,NDC,NDC,30768000060,752
2,DNX0344,Multivitamins with Minerals,NDC,NDC,30768000067,753
2,DNX0344,Multivitamins with Minerals,NDC,NDC,30768000177,754
2,DNX0344,Multivitamins with Minerals,NDC,NDC,30768000186,755
2,DNX0344,Multivitamins with Minerals,NDC,NDC,30768000187,756
2,DNX0344,Multivitamins with Minerals,NDC,NDC,30768000197,757
2,DNX0344,Multivitamins with Minerals,NDC,NDC,30768000232,758
2,DNX0344,Multivitamins with Minerals,NDC,NDC,30768000584,759
2,DNX0344,Multivitamins with Minerals,NDC,NDC,30768000747,760
2,DNX0344,Multivitamins with Minerals,NDC,NDC,30768001110,761
2,DNX0344,Multivitamins with Minerals,NDC,NDC,30768047202,762
2,DNX0344,Multivitamins with Minerals,NDC,NDC,30768060420,763
2,DNX0344,Multivitamins with Minerals,NDC,NDC,30768060820,764
2,DNX0344,Multivitamins with Minerals,NDC,NDC,30768060938,765
2,DNX0344,Multivitamins with Minerals,NDC,NDC,30768061134,766
2,DNX0344,Multivitamins with Minerals,NDC,NDC,30768090880,767
2,DNX0344,Multivitamins with Minerals,NDC,NDC,30768091125,768
2,DNX0344,Multivitamins with Minerals,NDC,NDC,30768091138,769
2,DNX0344,Multivitamins with Minerals,NDC,NDC,31604002841,770
2,DNX0344,Multivitamins with Minerals,NDC,NDC,31928004006,771
2,DNX0344,Multivitamins with Minerals,NDC,NDC,31928004010,772
2,DNX0344,Multivitamins with Minerals,NDC,NDC,31928041800,773
2,DNX0344,Multivitamins with Minerals,NDC,NDC,35908000275,774
2,DNX0344,Multivitamins with Minerals,NDC,NDC,35908000280,775
2,DNX0344,Multivitamins with Minerals,NDC,NDC,36652012519,776
2,DNX0344,Multivitamins with Minerals,NDC,NDC,36652025035,777
2,DNX0344,Multivitamins with Minerals,NDC,NDC,36652037718,778
2,DNX0344,Multivitamins with Minerals,NDC,NDC,36652068962,779
2,DNX0344,Multivitamins with Minerals,NDC,NDC,36800016582,780
2,DNX0344,Multivitamins with Minerals,NDC,NDC,37205007281,781
2,DNX0344,Multivitamins with Minerals,NDC,NDC,37205007372,782
2,DNX0344,Multivitamins with Minerals,NDC,NDC,37205007972,783
2,DNX0344,Multivitamins with Minerals,NDC,NDC,37205008082,784
2,DNX0344,Multivitamins with Minerals,NDC,NDC,37205008178,785
2,DNX0344,Multivitamins with Minerals,NDC,NDC,37205018172,786
2,DNX0344,Multivitamins with Minerals,NDC,NDC,37205018472,787
2,DNX0344,Multivitamins with Minerals,NDC,NDC,37205038372,788
2,DNX0344,Multivitamins with Minerals,NDC,NDC,37205039776,789
2,DNX0344,Multivitamins with Minerals,NDC,NDC,37205071078,790
2,DNX0344,Multivitamins with Minerals,NDC,NDC,37937024445,791
2,DNX0344,Multivitamins with Minerals,NDC,NDC,38130004501,792
2,DNX0344,Multivitamins with Minerals,NDC,NDC,38245012568,793
2,DNX0344,Multivitamins with Minerals,NDC,NDC,39686001245,794
2,DNX0344,Multivitamins with Minerals,NDC,NDC,39686001251,795
2,DNX0344,Multivitamins with Minerals,NDC,NDC,39686001259,796
2,DNX0344,Multivitamins with Minerals,NDC,NDC,39686001265,797
2,DNX0344,Multivitamins with Minerals,NDC,NDC,39686001274,798
2,DNX0344,Multivitamins with Minerals,NDC,NDC,39686001277,799
2,DNX0344,Multivitamins with Minerals,NDC,NDC,39686001298,800
2,DNX0344,Multivitamins with Minerals,NDC,NDC,39686001300,801
2,DNX0344,Multivitamins with Minerals,NDC,NDC,39686001325,802
2,DNX0344,Multivitamins with Minerals,NDC,NDC,39686001337,803
2,DNX0344,Multivitamins with Minerals,NDC,NDC,40985022660,804
2,DNX0344,Multivitamins with Minerals,NDC,NDC,40985022733,805
2,DNX0344,Multivitamins with Minerals,NDC,NDC,40985027303,806
2,DNX0344,Multivitamins with Minerals,NDC,NDC,41785001301,807
2,DNX0344,Multivitamins with Minerals,NDC,NDC,41785013050,808
2,DNX0344,Multivitamins with Minerals,NDC,NDC,42192030860,809
2,DNX0344,Multivitamins with Minerals,NDC,NDC,42254027400,810
2,DNX0344,Multivitamins with Minerals,NDC,NDC,42546091760,811
2,DNX0344,Multivitamins with Minerals,NDC,NDC,43072000201,812
2,DNX0344,Multivitamins with Minerals,NDC,NDC,43072000521,813
2,DNX0344,Multivitamins with Minerals,NDC,NDC,43072000530,814
2,DNX0344,Multivitamins with Minerals,NDC,NDC,43072000535,815
2,DNX0344,Multivitamins with Minerals,NDC,NDC,43797027505,816
2,DNX0344,Multivitamins with Minerals,NDC,NDC,43900017500,817
2,DNX0344,Multivitamins with Minerals,NDC,NDC,46017001110,818
2,DNX0344,Multivitamins with Minerals,NDC,NDC,46017001140,819
2,DNX0344,Multivitamins with Minerals,NDC,NDC,46122009372,820
2,DNX0344,Multivitamins with Minerals,NDC,NDC,47028005504,821
2,DNX0344,Multivitamins with Minerals,NDC,NDC,47046000200,822
2,DNX0344,Multivitamins with Minerals,NDC,NDC,47046050200,823
2,DNX0344,Multivitamins with Minerals,NDC,NDC,47865018534,824
2,DNX0344,Multivitamins with Minerals,NDC,NDC,47865018572,825
2,DNX0344,Multivitamins with Minerals,NDC,NDC,47865018573,826
2,DNX0344,Multivitamins with Minerals,NDC,NDC,47865018575,827
2,DNX0344,Multivitamins with Minerals,NDC,NDC,47865018576,828
2,DNX0344,Multivitamins with Minerals,NDC,NDC,47865018630,829
2,DNX0344,Multivitamins with Minerals,NDC,NDC,47865018631,830
2,DNX0344,Multivitamins with Minerals,NDC,NDC,47865020221,831
2,DNX0344,Multivitamins with Minerals,NDC,NDC,47865020334,832
2,DNX0344,Multivitamins with Minerals,NDC,NDC,47865089923,833
2,DNX0344,Multivitamins with Minerals,NDC,NDC,47865089980,834
2,DNX0344,Multivitamins with Minerals,NDC,NDC,47865090843,835
2,DNX0344,Multivitamins with Minerals,NDC,NDC,47865090846,836
2,DNX0344,Multivitamins with Minerals,NDC,NDC,47865091144,837
2,DNX0344,Multivitamins with Minerals,NDC,NDC,47865094999,838
2,DNX0344,Multivitamins with Minerals,NDC,NDC,47865095566,839
2,DNX0344,Multivitamins with Minerals,NDC,NDC,49072097777,840
2,DNX0344,Multivitamins with Minerals,NDC,NDC,49072098977,841
2,DNX0344,Multivitamins with Minerals,NDC,NDC,49300037481,842
2,DNX0344,Multivitamins with Minerals,NDC,NDC,49348002123,843
2,DNX0344,Multivitamins with Minerals,NDC,NDC,49348006812,844
2,DNX0344,Multivitamins with Minerals,NDC,NDC,49348009412,845
2,DNX0344,Multivitamins with Minerals,NDC,NDC,49348010345,846
2,DNX0344,Multivitamins with Minerals,NDC,NDC,49348010346,847
2,DNX0344,Multivitamins with Minerals,NDC,NDC,49348013912,848
2,DNX0344,Multivitamins with Minerals,NDC,NDC,49348026045,849
2,DNX0344,Multivitamins with Minerals,NDC,NDC,49348054912,850
2,DNX0344,Multivitamins with Minerals,NDC,NDC,49348055412,851
2,DNX0344,Multivitamins with Minerals,NDC,NDC,49348055512,852
2,DNX0344,Multivitamins with Minerals,NDC,NDC,49452915001,853
2,DNX0344,Multivitamins with Minerals,NDC,NDC,49452915002,854
2,DNX0344,Multivitamins with Minerals,NDC,NDC,49452915501,855
2,DNX0344,Multivitamins with Minerals,NDC,NDC,49452915502,856
2,DNX0344,Multivitamins with Minerals,NDC,NDC,49523001805,857
2,DNX0344,Multivitamins with Minerals,NDC,NDC,49523001810,858
2,DNX0344,Multivitamins with Minerals,NDC,NDC,49614024678,859
2,DNX0344,Multivitamins with Minerals,NDC,NDC,49614030978,860
2,DNX0344,Multivitamins with Minerals,NDC,NDC,49614045571,861
2,DNX0344,Multivitamins with Minerals,NDC,NDC,49614046871,862
2,DNX0344,Multivitamins with Minerals,NDC,NDC,49614049981,863
2,DNX0344,Multivitamins with Minerals,NDC,NDC,49614051272,864
2,DNX0344,Multivitamins with Minerals,NDC,NDC,49614052178,865
2,DNX0344,Multivitamins with Minerals,NDC,NDC,49614064997,866
2,DNX0344,Multivitamins with Minerals,NDC,NDC,49614065272,867
2,DNX0344,Multivitamins with Minerals,NDC,NDC,49614065687,868
2,DNX0344,Multivitamins with Minerals,NDC,NDC,49614065697,869
2,DNX0344,Multivitamins with Minerals,NDC,NDC,49614066378,870
2,DNX0344,Multivitamins with Minerals,NDC,NDC,49614067072,871
2,DNX0344,Multivitamins with Minerals,NDC,NDC,49614067878,872
2,DNX0344,Multivitamins with Minerals,NDC,NDC,49614098176,873
2,DNX0344,Multivitamins with Minerals,NDC,NDC,50090040000,874
2,DNX0344,Multivitamins with Minerals,NDC,NDC,50090040002,875
2,DNX0344,Multivitamins with Minerals,NDC,NDC,50383078608,876
2,DNX0344,Multivitamins with Minerals,NDC,NDC,50428030712,877
2,DNX0344,Multivitamins with Minerals,NDC,NDC,50428032164,878
2,DNX0344,Multivitamins with Minerals,NDC,NDC,50428032623,879
2,DNX0344,Multivitamins with Minerals,NDC,NDC,50428036729,880
2,DNX0344,Multivitamins with Minerals,NDC,NDC,50428039436,881
2,DNX0344,Multivitamins with Minerals,NDC,NDC,50428040810,882
2,DNX0344,Multivitamins with Minerals,NDC,NDC,50428043400,883
2,DNX0344,Multivitamins with Minerals,NDC,NDC,50428054024,884
2,DNX0344,Multivitamins with Minerals,NDC,NDC,50428054880,885
2,DNX0344,Multivitamins with Minerals,NDC,NDC,50474027322,886
2,DNX0344,Multivitamins with Minerals,NDC,NDC,50474030522,887
2,DNX0344,Multivitamins with Minerals,NDC,NDC,50474031622,888
2,DNX0344,Multivitamins with Minerals,NDC,NDC,50474031624,889
2,DNX0344,Multivitamins with Minerals,NDC,NDC,50474031627,890
2,DNX0344,Multivitamins with Minerals,NDC,NDC,50564054201,891
2,DNX0344,Multivitamins with Minerals,NDC,NDC,50564054205,892
2,DNX0344,Multivitamins with Minerals,NDC,NDC,51432003903,893
2,DNX0344,Multivitamins with Minerals,NDC,NDC,51759000201,894
2,DNX0344,Multivitamins with Minerals,NDC,NDC,51759000202,895
2,DNX0344,Multivitamins with Minerals,NDC,NDC,51862016660,896
2,DNX0344,Multivitamins with Minerals,NDC,NDC,51862017306,897
2,DNX0344,Multivitamins with Minerals,NDC,NDC,51862017406,898
2,DNX0344,Multivitamins with Minerals,NDC,NDC,51991014106,899
2,DNX0344,Multivitamins with Minerals,NDC,NDC,51991064501,900
2,DNX0344,Multivitamins with Minerals,NDC,NDC,51991068201,901
2,DNX0344,Multivitamins with Minerals,NDC,NDC,51991068233,902
2,DNX0344,Multivitamins with Minerals,NDC,NDC,52152007702,903
2,DNX0344,Multivitamins with Minerals,NDC,NDC,52152007704,904
2,DNX0344,Multivitamins with Minerals,NDC,NDC,52152007802,905
2,DNX0344,Multivitamins with Minerals,NDC,NDC,52152007804,906
2,DNX0344,Multivitamins with Minerals,NDC,NDC,52152007805,907
2,DNX0344,Multivitamins with Minerals,NDC,NDC,52297005778,908
2,DNX0344,Multivitamins with Minerals,NDC,NDC,52297006178,909
2,DNX0344,Multivitamins with Minerals,NDC,NDC,52297006278,910
2,DNX0344,Multivitamins with Minerals,NDC,NDC,52297025578,911
3,DNX0344,Multivitamins with Minerals,therapeutic_class,therapeutic_class,Antiacne,1
3,DNX0344,Multivitamins with Minerals,therapeutic_class,therapeutic_class,Antidote,2
3,DNX0344,Multivitamins with Minerals,therapeutic_class,therapeutic_class,Calcium Supplement,3
3,DNX0344,Multivitamins with Minerals,therapeutic_class,therapeutic_class,Magnesium Supplement,4
3,DNX0344,Multivitamins with Minerals,therapeutic_class,therapeutic_class,Mineral Combination,5
3,DNX0344,Multivitamins with Minerals,therapeutic_class,therapeutic_class,Mineral Supplement,6
3,DNX0344,Multivitamins with Minerals,therapeutic_class,therapeutic_class,Nutriceutical,7
3,DNX0344,Multivitamins with Minerals,therapeutic_class,therapeutic_class,Nutritive Agent,8
3,DNX0344,Multivitamins with Minerals,therapeutic_class,therapeutic_class,Vitamin/Fluoride Combination, Pediatric Formula,9
3,DNX0344,Multivitamins with Minerals,therapeutic_class,therapeutic_class,Vitamin/Iron Combination, Adult Formula,10
3,DNX0344,Multivitamins with Minerals,therapeutic_class,therapeutic_class,Vitamin/Iron Combination, Pediatric Formula,11
3,DNX0344,Multivitamins with Minerals,therapeutic_class,therapeutic_class,Vitamin/Mineral/Fluoride/Iron Combination, Pediatric Formula,12
3,DNX0344,Multivitamins with Minerals,therapeutic_class,therapeutic_class,Vitamin/Mineral/Iron Combination, Adult Formula,13
3,DNX0344,Multivitamins with Minerals,therapeutic_class,therapeutic_class,Vitamin/Mineral/Iron Combination, Pediatric Formula,14
3,DNX0344,Multivitamins with Minerals,therapeutic_class,therapeutic_class,Vitamin/Mineral/Nutriceutical Combination, Adult Formula,15
3,DNX0344,Multivitamins with Minerals,therapeutic_class,therapeutic_class,Vitamin/Mineral Combination, Adult Formula,16
3,DNX0344,Multivitamins with Minerals,therapeutic_class,therapeutic_class,Vitamin/Mineral Combination, Pediatric Formula,17
3,DNX0344,Multivitamins with Minerals,therapeutic_class,therapeutic_class,Vitamin/Nutriceutical Combination, Adult Formula,18
3,DNX0344,Multivitamins with Minerals,therapeutic_class,therapeutic_class,Vitamin/Nutriceutical Combination, Pediatric Formula,19
3,DNX0344,Multivitamins with Minerals,therapeutic_class,therapeutic_class,Vitamin Combination,20
3,DNX0344,Multivitamins with Minerals,therapeutic_class,therapeutic_class,Vitamin Combination, Adult Formula,21
3,DNX0344,Multivitamins with Minerals,therapeutic_class,therapeutic_class,Vitamin Combination, Pediatric Formula,22
3,DNX0344,Multivitamins with Minerals,therapeutic_class,therapeutic_class,Vitamin Combination, Prenatal Formula,23
5,DNX0344,Multivitamins with Minerals,consumer_route,consumer_route,By mouth,1
6,DNX0344,Multivitamins with Minerals,Indications,Indications,Multivitamins with minerals are given to people who need more vitamins and minerals in their diet.,1
7,DNX0344,Multivitamins with Minerals,contraindication,contraindication,You should not use this medicine if you have had an allergic reaction to a vitamin, multivitamin, or any mineral (such as fluoride, calcium, iron, zinc, and others).,1
8,DNX0344,Multivitamins with Minerals,how_to_use,consumer_form,Tablet,1
8,DNX0344,Multivitamins with Minerals,how_to_use,consumer_form,Chewable Tablet,2
8,DNX0344,Multivitamins with Minerals,how_to_use,consumer_form,Liquid,3
8,DNX0344,Multivitamins with Minerals,how_to_use,consumer_form,Long Acting Tablet,4
8,DNX0344,Multivitamins with Minerals,how_to_use,consumer_form,Liquid Filled Capsule,5
8,DNX0344,Multivitamins with Minerals,how_to_use,consumer_form,Spray,6
8,DNX0344,Multivitamins with Minerals,how_to_use,consumer_form,Packet,7
8,DNX0344,Multivitamins with Minerals,how_to_use,consumer_form,Capsule,8
9,DNX0344,Multivitamins with Minerals,how_to_use,how_to_use,Your doctor will tell you how much medicine to use. Do not use more than directed.,1
9,DNX0344,Multivitamins with Minerals,how_to_use,how_to_use,Follow the instructions on the medicine label if you are using this medicine without a prescription.,2
9,DNX0344,Multivitamins with Minerals,how_to_use,how_to_use,Swallow the capsule or tablet whole, unless the directions say you can break, crush, or chew the vitamin. Some tablets have a special coating and should not be chewed. Chewable tablets should be chewed thoroughly before swallowing.,3
9,DNX0344,Multivitamins with Minerals,how_to_use,how_to_use,Measure the oral liquid vitamins with a marked measuring spoon, oral syringe, medicine dropper, or medicine cup. You may mix the liquid with food.,4
9,DNX0344,Multivitamins with Minerals,how_to_use,how_to_use,For spray vitamins: Spray the liquid directly into your mouth, on the inside of your cheek. Wait 30 seconds before swallowing.,5
10,DNX0344,Multivitamins with Minerals,how_to_use,missed_dose,If a dose is missed, you can take it when you remember.,1
10,DNX0344,Multivitamins with Minerals,how_to_use,missed_dose,It is generally not harmful if you miss a dose of a multivitamin.,2
11,DNX0344,Multivitamins with Minerals,how_to_use,storage_disposal,Store at room temperature in a closed container away from heat, moisture, and light. Do not freeze.,1
11,DNX0344,Multivitamins with Minerals,how_to_use,storage_disposal,Keep all medicine away from children.,2
13,DNX0344,Multivitamins with Minerals,warning_caution,warning_caution,If you are pregnant or breast feeding, check with your doctor. It is very important during this time to take the right vitamins in the right amounts.,1
13,DNX0344,Multivitamins with Minerals,warning_caution,warning_caution,Make sure your doctor knows if you have kidney disease. You should not use certain brands of this medicine if you have kidney disease or are on dialysis, because they may harm your kidneys. Ask your caregiver what brands are best for you.,2
13,DNX0344,Multivitamins with Minerals,warning_caution,warning_caution,This medicine might contain phenylalanine (aspartame). This is only a concern if you have a disorder called phenylketonuria (a problem with amino acids). Talk to your doctor before using this medicine.,3
13,DNX0344,Multivitamins with Minerals,warning_caution,warning_caution,You should not use more of this medicine than your doctor has ordered or more than the label on the bottle recommends. Certain vitamins can build up in the body and may cause harm.,4
13,DNX0344,Multivitamins with Minerals,warning_caution,warning_caution,Vitamin supplements can sometimes make the stool darker and the urine dark yellow. This is normal.,5
15,DNX0344,Multivitamins with Minerals,side_effects,less_serious_side_effects,Tiredness,1
15,DNX0344,Multivitamins with Minerals,side_effects,less_serious_side_effects,Loss of appetite, indigestion, or nausea,2
15,DNX0344,Multivitamins with Minerals,side_effects,less_serious_side_effects,Staining of teeth,3
15,DNX0344,Multivitamins with Minerals,side_effects,less_serious_side_effects,Constipation or diarrhea,4

(1322 rows affected)

